targetx,targety,targetz,penaltyx,penaltyy,pealtyz,collx,colly,collz,,targetxrel,targetyrel,targetzrel,penxrel,penyrel,penzrel,collxrel,collyrel,collzrel,,,,,,,,
-0.7057393,-0.007596254,-2.728578,-0.6885116,-0.007596254,-2.734849,-0.7098439,-0.01025033,-2.740729,,0.0942607,-0.007596254,0.171422,0.1114884,-0.007596254,0.165151,0.0901561,-0.01025033,0.159271,,,,,,,,SmallOverlap(Clone) (UnityEngine.GameObject)
-0.6466489,-0.03015381,-2.772652,-0.6576822,-0.03015381,-2.75801,-0.6437675,-0.0163722,-2.768041,,0.1533511,-0.03015381,0.127348,0.1423178,-0.03015381,0.14199,0.1562325,-0.0163722,0.131959,,,,,,,,SmallOverlap(Clone) (UnityEngine.GameObject)
-0.9106969,-0.007596254,-2.909104,-0.9044266,-0.007596254,-2.926332,-0.9135439,-0.02096868,-2.909775,,-0.1106969,-0.007596254,-0.009104,-0.1044266,-0.007596254,-0.026332,-0.1135439,-0.02096868,-0.009775,,,,,,,,SmallOverlap(Clone) (UnityEngine.GameObject)
-0.6593785,-0.01703721,-2.706151,-0.6438309,-0.01703721,-2.715866,-0.6720891,-0.009781599,-2.70477,,0.1406215,-0.01703721,0.193849,0.1561691,-0.01703721,0.184134,0.1279109,-0.009781599,0.19523,,,,,,,,SmallOverlap(Clone) (UnityEngine.GameObject)
-0.6276409,-0.03015381,-2.809156,-0.6216722,-0.03015381,-2.82649,-0.6317767,-0.01629424,-2.806456,,0.1723591,-0.03015381,0.090844,0.1783278,-0.03015381,0.07351,0.1682233,-0.01629424,0.093544,,,,,,,,SmallOverlap(Clone) (UnityEngine.GameObject)
-0.8900833,-0.03015381,-2.753426,-0.9005988,-0.03015381,-2.768444,-0.8802877,-0.02930403,-2.757744,,-0.0900833,-0.03015381,0.146574,-0.1005988,-0.03015381,0.131556,-0.0802877,-0.02930403,0.142256,,,,,,,,SmallOverlap(Clone) (UnityEngine.GameObject)
-0.6229681,-0.007596254,-2.827215,-0.6194699,-0.007596254,-2.845212,-0.6295447,-0.01743197,-2.816307,,0.1770319,-0.007596254,0.072785,0.1805301,-0.007596254,0.054788,0.1704553,-0.01743197,0.083693,,,,,,,,SmallOverlap(Clone) (UnityEngine.GameObject)
-0.684473,-0.01703721,-2.795033,-0.6724453,-0.01703721,-2.808869,-0.6905077,-0.002425671,-2.792616,,0.115527,-0.01703721,0.104967,0.1275547,-0.01703721,0.091131,0.1094923,-0.002425671,0.107384,,,,,,,,SmallOverlap(Clone) (UnityEngine.GameObject)
-0.7515153,-0.007596254,-2.939027,-0.7331848,-0.007596254,-2.939347,-0.7612097,-0.006168604,-2.922169,,0.0484847,-0.007596254,-0.039027,0.0668152,-0.007596254,-0.039347,0.0387903,-0.006168604,-0.022169,,,,,,,,SmallOverlap(Clone) (UnityEngine.GameObject)
-0.879063,-0.01703721,-2.740193,-0.8670352,-0.01703721,-2.726357,-0.8775987,-0.03141165,-2.734262,,-0.079063,-0.01703721,0.159807,-0.0670352,-0.01703721,0.173643,-0.0775987,-0.03141165,0.165738,,,,,,,,SmallOverlap(Clone) (UnityEngine.GameObject)
-0.8382571,-0.007596254,-2.757836,-0.8516652,-0.007596254,-2.770339,-0.8272623,-0.01691842,-2.756996,,-0.0382571,-0.007596254,0.142164,-0.0516652,-0.007596254,0.129661,-0.0272623,-0.01691842,0.143004,,,,,,,,SmallOverlap(Clone) (UnityEngine.GameObject)
-0.8900833,-0.007596254,-2.754667,-0.8795677,-0.007596254,-2.739649,-0.8848116,-0.02032399,-2.752784,,-0.0900833,-0.007596254,0.145333,-0.0795677,-0.007596254,0.160351,-0.0848116,-0.02032399,0.147216,,,,,,,,SmallOverlap(Clone) (UnityEngine.GameObject)
-0.6635063,-0.007596254,-2.860416,-0.6619084,-0.007596254,-2.842152,-0.6776727,-0.00369668,-2.860098,,0.1364937,-0.007596254,0.039584,0.1380916,-0.007596254,0.057848,0.1223273,-0.00369668,0.039902,,,,,,,,SmallOverlap(Clone) (UnityEngine.GameObject)
-0.8305019,-0.03015381,-2.821211,-0.8236341,-0.03015381,-2.804212,-0.816902,-0.0267446,-2.821542,,-0.0305019,-0.03015381,0.078789,-0.0236341,-0.03015381,0.095788,-0.016902,-0.0267446,0.078458,,,,,,,,SmallOverlap(Clone) (UnityEngine.GameObject)
-0.74105,-0.007596254,-2.683028,-0.7593582,-0.007596254,-2.682068,-0.7292674,-0.01021767,-2.692163,,0.05895,-0.007596254,0.216972,0.0406418,-0.007596254,0.217932,0.0707326,-0.01021767,0.207837,,,,,,,,SmallOverlap(Clone) (UnityEngine.GameObject)
-0.8883501,-0.03015381,-2.954482,-0.8991261,-0.03015381,-2.93965,-0.874665,-0.03080034,-2.948655,,-0.0883501,-0.03015381,-0.054482,-0.0991261,-0.03015381,-0.03965,-0.074665,-0.03080034,-0.048655,,,,,,,,SmallOverlap(Clone) (UnityEngine.GameObject)
-0.714445,-0.03015381,-2.687075,-0.7323777,-0.03015381,-2.683264,-0.7077645,-0.02321649,-2.676431,,0.085555,-0.03015381,0.212925,0.0676223,-0.03015381,0.216736,0.0922355,-0.02321649,0.223569,,,,,,,,SmallOverlap(Clone) (UnityEngine.GameObject)
-0.5937745,-0.007596254,-2.924208,-0.5863177,-0.007596254,-2.907459,-0.6043315,-0.01722217,-2.920417,,0.2062255,-0.007596254,-0.024208,0.2136823,-0.007596254,-0.007459,0.1956685,-0.01722217,-0.020417,,,,,,,,SmallOverlap(Clone) (UnityEngine.GameObject)
-0.8367051,-0.007596254,-2.85026,-0.8357456,-0.007596254,-2.831952,-0.8239267,-0.004845142,-2.840189,,-0.0367051,-0.007596254,0.04974,-0.0357456,-0.007596254,0.068048,-0.0239267,-0.004845142,0.059811,,,,,,,,SmallOverlap(Clone) (UnityEngine.GameObject)
-0.7217329,-0.03015381,-2.772784,-0.7390674,-0.03015381,-2.766816,-0.7310083,-0.02635098,-2.774568,,0.0782671,-0.03015381,0.127216,0.0609326,-0.03015381,0.133184,0.0689917,-0.02635098,0.125432,,,,,,,,SmallOverlap(Clone) (UnityEngine.GameObject)
-0.6523334,-0.007596254,-2.770276,-0.6403056,-0.007596254,-2.784112,-0.6698873,-0.01017213,-2.756525,,0.1476666,-0.007596254,0.129724,0.1596944,-0.007596254,0.115888,0.1301127,-0.01017213,0.143475,,,,,,,,SmallOverlap(Clone) (UnityEngine.GameObject)
-0.6697156,-0.007596254,-2.704431,-0.685903,-0.007596254,-2.695824,-0.681366,-0.0225904,-2.697245,,0.1302844,-0.007596254,0.195569,0.114097,-0.007596254,0.204176,0.118634,-0.0225904,0.202755,,,,,,,,SmallOverlap(Clone) (UnityEngine.GameObject)
-0.5856146,-0.01703721,-2.902905,-0.5805612,-0.01703721,-2.885282,-0.5829241,-0.02619195,-2.889464,,0.2143854,-0.01703721,-0.002905,0.2194388,-0.01703721,0.014718,0.2170759,-0.02619195,0.010536,,,,,,,,SmallOverlap(Clone) (UnityEngine.GameObject)
-0.8784449,-0.007596254,-2.872083,-0.8806792,-0.007596254,-2.853887,-0.867608,-0.01286507,-2.847016,,-0.0784449,-0.007596254,0.027917,-0.0806792,-0.007596254,0.046113,-0.067608,-0.01286507,0.052984,,,,,,,,SmallOverlap(Clone) (UnityEngine.GameObject)
-0.6269242,-0.007596254,-2.896527,-0.6325895,-0.007596254,-2.913963,-0.6408569,-0.01836777,-2.880392,,0.1730758,-0.007596254,0.003473,0.1674105,-0.007596254,-0.013963,0.1591431,-0.01836777,0.019608,,,,,,,,SmallOverlap(Clone) (UnityEngine.GameObject)
-0.8793307,-0.007596254,-2.861199,-0.8786909,-0.007596254,-2.879521,-0.8668276,-0.01472402,-2.841492,,-0.0793307,-0.007596254,0.038801,-0.0786909,-0.007596254,0.020479,-0.0668276,-0.01472402,0.058508,,,,,,,,SmallOverlap(Clone) (UnityEngine.GameObject)
-0.7620836,-0.01703721,-2.770844,-0.7439287,-0.01703721,-2.768293,-0.7590075,-0.01426101,-2.762543,,0.0379164,-0.01703721,0.129156,0.0560713,-0.01703721,0.131707,0.0409925,-0.01426101,0.137457,,,,,,,,SmallOverlap(Clone) (UnityEngine.GameObject)
-0.8380767,-0.007596254,-3.003706,-0.822362,-0.007596254,-3.013148,-0.8382084,-0.01096606,-2.979151,,-0.0380767,-0.007596254,-0.103706,-0.022362,-0.007596254,-0.113148,-0.0382084,-0.01096606,-0.079151,,,,,,,,SmallOverlap(Clone) (UnityEngine.GameObject)
-0.6636515,-0.007596254,-2.866668,-0.6655679,-0.007596254,-2.884901,-0.6799507,-0.01336193,-2.857038,,0.1363485,-0.007596254,0.033332,0.1344321,-0.007596254,0.015099,0.1200493,-0.01336193,0.042962,,,,,,,,SmallOverlap(Clone) (UnityEngine.GameObject)
-0.7027122,-0.01703721,-2.784918,-0.7180878,-0.01703721,-2.774933,-0.7114756,-0.01457453,-2.776694,,0.0972878,-0.01703721,0.115082,0.0819122,-0.01703721,0.125067,0.0885244,-0.01457453,0.123306,,,,,,,,SmallOverlap(Clone) (UnityEngine.GameObject)
-0.718693,-0.007596254,-2.983387,-0.7364818,-0.007596254,-2.987822,-0.7125896,-0.005703926,-2.956386,,0.081307,-0.007596254,-0.083387,0.0635182,-0.007596254,-0.087822,0.0874104,-0.005703926,-0.056386,,,,,,,,SmallOverlap(Clone) (UnityEngine.GameObject)
-0.8080966,-0.01703721,-2.79337,-0.821721,-0.01703721,-2.805637,-0.7997901,-0.01384902,-2.778622,,-0.0080966,-0.01703721,0.10663,-0.021721,-0.01703721,0.094363,0.0002099,-0.01384902,0.121378,,,,,,,,SmallOverlap(Clone) (UnityEngine.GameObject)
-0.75,-0.03015381,-2.98737,-0.7316667,-0.03015381,-2.98737,-0.7516486,-0.02179503,-2.967416,,0.05,-0.03015381,-0.08737,0.0683333,-0.03015381,-0.08737,0.0483514,-0.02179503,-0.067416,,,,,,,,SmallOverlap(Clone) (UnityEngine.GameObject)
-0.7791108,-0.007596254,-2.984215,-0.7612474,-0.007596254,-2.98834,-0.7908629,-0.009699821,-2.977764,,0.0208892,-0.007596254,-0.084215,0.0387526,-0.007596254,-0.08834,0.0091371,-0.009699821,-0.077764,,,,,,,,SmallOverlap(Clone) (UnityEngine.GameObject)
-0.8342451,-0.007596254,-2.879569,-0.8386803,-0.007596254,-2.86178,-0.824167,-0.01935172,-2.8571,,-0.0342451,-0.007596254,0.020431,-0.0386803,-0.007596254,0.03822,-0.024167,-0.01935172,0.0429,,,,,,,,SmallOverlap(Clone) (UnityEngine.GameObject)
-0.7791108,-0.01703721,-2.732947,-0.7612473,-0.01703721,-2.728822,-0.7709348,-0.03697872,-2.728214,,0.0208892,-0.01703721,0.167053,0.0387527,-0.01703721,0.171178,0.0290652,-0.03697872,0.171786,,,,,,,,SmallOverlap(Clone) (UnityEngine.GameObject)
-0.8755655,-0.007596254,-2.828047,-0.8800008,-0.007596254,-2.845836,-0.8639928,-0.02214193,-2.804255,,-0.0755655,-0.007596254,0.071953,-0.0800008,-0.007596254,0.054164,-0.0639928,-0.02214193,0.095745,,,,,,,,SmallOverlap(Clone) (UnityEngine.GameObject)
-0.6694981,-0.03015381,-2.891956,-0.6626303,-0.03015381,-2.874958,-0.6760359,-0.02073717,-2.878809,,0.1305019,-0.03015381,0.008044,0.1373697,-0.03015381,0.025042,0.1239641,-0.02073717,0.021191,,,,,,,,SmallOverlap(Clone) (UnityEngine.GameObject)
-0.9205935,-0.007596254,-2.871438,-0.9193146,-0.007596254,-2.889727,-0.9032893,-0.01370859,-2.852693,,-0.1205935,-0.007596254,0.028562,-0.1193146,-0.007596254,0.010273,-0.1032893,-0.01370859,0.047307,,,,,,,,SmallOverlap(Clone) (UnityEngine.GameObject)
-0.6965457,-0.007596254,-2.791605,-0.6820989,-0.007596254,-2.802893,-0.7007176,-0.002251625,-2.773222,,0.1034543,-0.007596254,0.108395,0.1179011,-0.007596254,0.097107,0.0992824,-0.002251625,0.126778,,,,,,,,SmallOverlap(Clone) (UnityEngine.GameObject)
-0.5833729,-0.01703721,-2.898714,-0.587497,-0.01703721,-2.916577,-0.6000985,-0.02361417,-2.879332,,0.2166271,-0.01703721,0.001286,0.212503,-0.01703721,-0.016577,0.1999015,-0.02361417,0.020668,,,,,,,,SmallOverlap(Clone) (UnityEngine.GameObject)
-0.6327152,-0.01703721,-2.915083,-0.6404632,-0.01703721,-2.931699,-0.6452688,-0.01308727,-2.88907,,0.1672848,-0.01703721,-0.015083,0.1595368,-0.01703721,-0.031699,0.1547312,-0.01308727,0.01093,,,,,,,,SmallOverlap(Clone) (UnityEngine.GameObject)
-0.6212994,-0.007596254,-2.846937,-0.619383,-0.007596254,-2.86517,-0.6376213,-0.01334214,-2.83448,,0.1787006,-0.007596254,0.053063,0.180617,-0.007596254,0.03483,0.1623787,-0.01334214,0.06552,,,,,,,,SmallOverlap(Clone) (UnityEngine.GameObject)
-0.8022521,-0.01703721,-2.929887,-0.7876104,-0.01703721,-2.94092,-0.8015261,-0.01288152,-2.896173,,-0.0022521,-0.01703721,-0.029887,0.0123896,-0.01703721,-0.04092,-0.0015261,-0.01288152,0.003827,,,,,,,,SmallOverlap(Clone) (UnityEngine.GameObject)
-0.7203044,-0.03015381,-3.029583,-0.7022496,-0.03015381,-3.026399,-0.7292836,-0.03434896,-2.998236,,0.0796956,-0.03015381,-0.129583,0.0977504,-0.03015381,-0.126399,0.0707164,-0.03434896,-0.098236,,,,,,,,SmallOverlap(Clone) (UnityEngine.GameObject)
-0.802845,-0.03015381,-2.698601,-0.785409,-0.03015381,-2.692936,-0.8004689,-0.03924465,-2.694633,,-0.002845,-0.03015381,0.201399,0.014591,-0.03015381,0.207064,-0.0004689,-0.03924465,0.205367,,,,,,,,SmallOverlap(Clone) (UnityEngine.GameObject)
-0.6640208,-0.007596254,-2.849314,-0.6665723,-0.007596254,-2.831159,-0.677567,-0.009408236,-2.838357,,0.1359792,-0.007596254,0.050686,0.1334277,-0.007596254,0.068841,0.122433,-0.009408236,0.061643,,,,,,,,SmallOverlap(Clone) (UnityEngine.GameObject)
-0.671963,-0.03015381,-2.899526,-0.6799998,-0.03015381,-2.916003,-0.6842024,-0.02249265,-2.872567,,0.128037,-0.03015381,0.000474,0.1200002,-0.03015381,-0.016003,0.1157976,-0.02249265,0.027433,,,,,,,,SmallOverlap(Clone) (UnityEngine.GameObject)
-0.7246151,-0.03015381,-2.944785,-0.7070829,-0.03015381,-2.939425,-0.7273654,-0.02227736,-2.929594,,0.0753849,-0.03015381,-0.044785,0.0929171,-0.03015381,-0.039425,0.0726346,-0.02227736,-0.029594,,,,,,,,SmallOverlap(Clone) (UnityEngine.GameObject)
-0.8770853,-0.01703721,-2.976256,-0.8893527,-0.01703721,-2.962631,-0.8793135,-0.02975607,-2.95333,,-0.0770853,-0.01703721,-0.076256,-0.0893527,-0.01703721,-0.062631,-0.0793135,-0.02975607,-0.05333,,,,,,,,SmallOverlap(Clone) (UnityEngine.GameObject)
-0.781307,-0.01703721,-2.987472,-0.7990957,-0.01703721,-2.983037,-0.784644,-0.00770402,-2.975764,,0.018693,-0.01703721,-0.087472,0.0009043,-0.01703721,-0.083037,0.015356,-0.00770402,-0.075764,,,,,,,,SmallOverlap(Clone) (UnityEngine.GameObject)
-0.6480239,-0.03015381,-2.782308,-0.6593111,-0.03015381,-2.767861,-0.6546363,-0.03635454,-2.777503,,0.1519761,-0.03015381,0.117692,0.1406889,-0.03015381,0.132139,0.1453637,-0.03635454,0.122497,,,,,,,,SmallOverlap(Clone) (UnityEngine.GameObject)
-0.8005643,-0.007596254,-2.743085,-0.7836884,-0.007596254,-2.735921,-0.8029061,-0.02415824,-2.737921,,-0.0005643,-0.007596254,0.156915,0.0163116,-0.007596254,0.164079,-0.0029061,-0.02415824,0.162079,,,,,,,,SmallOverlap(Clone) (UnityEngine.GameObject)
-0.7605812,-0.03015381,-2.776109,-0.7423845,-0.03015381,-2.773874,-0.762343,-0.03170085,-2.765739,,0.0394188,-0.03015381,0.123891,0.0576155,-0.03015381,0.126126,0.037657,-0.03170085,0.134261,,,,,,,,SmallOverlap(Clone) (UnityEngine.GameObject)
-0.8980991,-0.03015381,-2.776849,-0.9072657,-0.03015381,-2.792726,-0.878846,-0.02987647,-2.755247,,-0.0980991,-0.03015381,0.123151,-0.1072657,-0.03015381,0.107274,-0.078846,-0.02987647,0.144753,,,,,,,,SmallOverlap(Clone) (UnityEngine.GameObject)
-0.6553559,-0.03015381,-2.774238,-0.6428525,-0.03015381,-2.787646,-0.6570071,-0.02767658,-2.750517,,0.1446441,-0.03015381,0.125762,0.1571475,-0.03015381,0.112354,0.1429929,-0.02767658,0.149483,,,,,,,,SmallOverlap(Clone) (UnityEngine.GameObject)
-0.5903484,-0.01703721,-2.923851,-0.5837783,-0.01703721,-2.906736,-0.603757,-0.007053375,-2.905768,,0.2096516,-0.01703721,-0.023851,0.2162217,-0.01703721,-0.006736,0.196243,-0.007053375,-0.005768,,,,,,,,SmallOverlap(Clone) (UnityEngine.GameObject)
-0.7866935,-0.01703721,-2.941399,-0.8033091,-0.01703721,-2.933651,-0.785009,-0.03136826,-2.914075,,0.0133065,-0.01703721,-0.041399,-0.0033091,-0.01703721,-0.033651,0.014991,-0.03136826,-0.014075,,,,,,,,SmallOverlap(Clone) (UnityEngine.GameObject)
-0.7878357,-0.01703721,-2.986552,-0.8053679,-0.01703721,-2.981191,-0.7839977,-0.01335549,-2.953523,,0.0121643,-0.01703721,-0.086552,-0.0053679,-0.01703721,-0.081191,0.0160023,-0.01335549,-0.053523,,,,,,,,SmallOverlap(Clone) (UnityEngine.GameObject)
-0.7052823,-0.007596254,-2.788514,-0.720997,-0.007596254,-2.779072,-0.7014335,-0.008658409,-2.76838,,0.0947177,-0.007596254,0.111486,0.079003,-0.007596254,0.120928,0.0985665,-0.008658409,0.13162,,,,,,,,SmallOverlap(Clone) (UnityEngine.GameObject)
-0.8046402,-0.03015381,-2.930553,-0.7903925,-0.03015381,-2.94209,-0.7990842,-0.02182651,-2.908904,,-0.0046402,-0.03015381,-0.030553,0.0096075,-0.03015381,-0.04209,0.0009158,-0.02182651,-0.008904,,,,,,,,SmallOverlap(Clone) (UnityEngine.GameObject)
-0.5873597,-0.01703721,-2.811165,-0.5816944,-0.01703721,-2.828601,-0.6029501,-0.0114224,-2.784335,,0.2126403,-0.01703721,0.088835,0.2183056,-0.01703721,0.071399,0.1970499,-0.0114224,0.115665,,,,,,,,SmallOverlap(Clone) (UnityEngine.GameObject)
-0.6283948,-0.01703721,-2.908343,-0.6346653,-0.01703721,-2.92557,-0.6310652,-0.01644087,-2.870495,,0.1716052,-0.01703721,-0.008343,0.1653347,-0.01703721,-0.02557,0.1689348,-0.01644087,0.029505,,,,,,,,SmallOverlap(Clone) (UnityEngine.GameObject)
-0.8087507,-0.01703721,-2.979461,-0.7924156,-0.01703721,-2.987784,-0.8029192,-0.02367163,-2.946359,,-0.0087507,-0.01703721,-0.079461,0.0075844,-0.01703721,-0.087784,-0.0029192,-0.02367163,-0.046359,,,,,,,,SmallOverlap(Clone) (UnityEngine.GameObject)
-0.6953092,-0.03015381,-2.981581,-0.6786935,-0.03015381,-2.973833,-0.6990458,-0.02125144,-2.956661,,0.1046908,-0.03015381,-0.081581,0.1213065,-0.03015381,-0.073833,0.1009542,-0.02125144,-0.056661,,,,,,,,SmallOverlap(Clone) (UnityEngine.GameObject)
-0.9045085,-0.01703721,-2.374557,-0.8886575,-0.01703721,-2.369407,-0.7362329,0.1399765,-2.843427,,-0.1045085,-0.01703721,0.525443,-0.0886575,-0.01703721,0.530593,0.0637671,0.1399765,0.056573,,,,,,,,MediumOverlap(Clone) (UnityEngine.GameObject)
-0.6423799,-0.03015381,-2.983248,-0.6553323,-0.03015381,-2.993737,-0.6438355,-0.02166843,-2.969257,,0.1576201,-0.03015381,-0.083248,0.1446677,-0.03015381,-0.093737,0.1561645,-0.02166843,-0.069257,,,,,,,,MediumOverlap(Clone) (UnityEngine.GameObject)
-0.8476666,-0.01703721,-2.935675,-0.8367323,-0.01703721,-2.948253,-0.8413339,-0.02638841,-2.932282,,-0.0476666,-0.01703721,-0.035675,-0.0367323,-0.01703721,-0.048253,-0.0413339,-0.02638841,-0.032282,,,,,,,,MediumOverlap(Clone) (UnityEngine.GameObject)
-0.8107541,-0.01703721,-2.73675,-0.7960383,-0.01703721,-2.728926,-0.8123353,-0.004392147,-2.73476,,-0.0107541,-0.01703721,0.16325,0.0039617,-0.01703721,0.171074,-0.0123353,-0.004392147,0.16524,,,,,,,,MediumOverlap(Clone) (UnityEngine.GameObject)
-0.875,-0.03015381,-2.817599,-0.8706864,-0.03015381,-2.8015,-0.8715501,-0.02968526,-2.814349,,-0.075,-0.03015381,0.082401,-0.0706864,-0.03015381,0.0985,-0.0715501,-0.02968526,0.085651,,,,,,,,MediumOverlap(Clone) (UnityEngine.GameObject)
-0.9037029,-0.03015381,-2.926552,-0.8963967,-0.03015381,-2.941532,-0.901286,-0.02833152,-2.912036,,-0.1037029,-0.03015381,-0.026552,-0.0963967,-0.03015381,-0.041532,-0.101286,-0.02833152,-0.012036,,,,,,,,MediumOverlap(Clone) (UnityEngine.GameObject)
-0.8184183,-0.007596254,-2.798692,-0.8081573,-0.007596254,-2.785558,-0.8138666,-0.01017046,-2.806739,,-0.0184183,-0.007596254,0.101308,-0.0081573,-0.007596254,0.114442,-0.0138666,-0.01017046,0.093261,,,,,,,,MediumOverlap(Clone) (UnityEngine.GameObject)
-0.7985514,-0.03015381,-2.780325,-0.8123688,-0.03015381,-2.789645,-0.7989985,-0.01948547,-2.766108,,0.0014486,-0.03015381,0.119675,-0.0123688,-0.03015381,0.110355,0.0010015,-0.01948547,0.133892,,,,,,,,MediumOverlap(Clone) (UnityEngine.GameObject)
-0.7894173,-0.03015381,-2.775314,-0.8042674,-0.03015381,-2.782881,-0.7816346,-0.02150822,-2.778511,,0.0105827,-0.03015381,0.124686,-0.0042674,-0.03015381,0.117119,0.0183654,-0.02150822,0.121489,,,,,,,,MediumOverlap(Clone) (UnityEngine.GameObject)
-0.7079068,-0.03015381,-2.928903,-0.6933299,-0.03015381,-2.920822,-0.7184323,-0.02252841,-2.920172,,0.0920932,-0.03015381,-0.028903,0.1066701,-0.03015381,-0.020822,0.0815677,-0.02252841,-0.020172,,,,,,,,MediumOverlap(Clone) (UnityEngine.GameObject)
-0.8865747,-0.03015381,-2.750257,-0.8765445,-0.03015381,-2.736946,-0.8739082,-0.02566075,-2.749195,,-0.0865747,-0.03015381,0.149743,-0.0765445,-0.03015381,0.163054,-0.0739082,-0.02566075,0.150805,,,,,,,,MediumOverlap(Clone) (UnityEngine.GameObject)
-0.6670927,-0.03015381,-3.002835,-0.6525157,-0.03015381,-2.994754,-0.6755816,-0.02409458,-2.98636,,0.1329073,-0.03015381,-0.102835,0.1474843,-0.03015381,-0.094754,0.1244184,-0.02409458,-0.08636,,,,,,,,MediumOverlap(Clone) (UnityEngine.GameObject)
-0.6788778,-0.03015381,-2.804079,-0.6693182,-0.03015381,-2.817732,-0.6921114,-0.02575302,-2.803588,,0.1211222,-0.03015381,0.095921,0.1306818,-0.03015381,0.082268,0.1078886,-0.02575302,0.096412,,,,,,,,MediumOverlap(Clone) (UnityEngine.GameObject)
-0.828037,-0.03015381,-2.892189,-0.8353432,-0.03015381,-2.877209,-0.8188674,-0.02310109,-2.880055,,-0.028037,-0.03015381,0.007811,-0.0353432,-0.03015381,0.022791,-0.0188674,-0.02310109,0.019945,,,,,,,,MediumOverlap(Clone) (UnityEngine.GameObject)
-0.6887155,-0.007596254,-2.694849,-0.7042751,-0.007596254,-2.688876,-0.6893101,-0.02608037,-2.695959,,0.1112845,-0.007596254,0.205151,0.0957249,-0.007596254,0.211124,0.1106899,-0.02608037,0.204041,,,,,,,,MediumOverlap(Clone) (UnityEngine.GameObject)
-0.6854771,-0.03015381,-2.796483,-0.674325,-0.03015381,-2.808868,-0.691152,-0.01978397,-2.780301,,0.1145229,-0.03015381,0.103517,0.125675,-0.03015381,0.091132,0.108848,-0.01978397,0.119699,,,,,,,,MediumOverlap(Clone) (UnityEngine.GameObject)
-0.6584936,-0.01703721,-2.763597,-0.6467085,-0.01703721,-2.775382,-0.6638139,-0.008836985,-2.747396,,0.1415064,-0.01703721,0.136403,0.1532915,-0.01703721,0.124618,0.1361861,-0.008836985,0.152604,,,,,,,,MediumOverlap(Clone) (UnityEngine.GameObject)
-0.8069617,-0.007596254,-2.789728,-0.8195402,-0.007596254,-2.800662,-0.8053901,-0.005371094,-2.767459,,-0.0069617,-0.007596254,0.110272,-0.0195402,-0.007596254,0.099338,-0.0053901,-0.005371094,0.132541,,,,,,,,MediumOverlap(Clone) (UnityEngine.GameObject)
-0.8046402,-0.03015381,-2.922805,-0.8175926,-0.03015381,-2.912317,-0.8041604,-0.01722169,-2.919261,,-0.0046402,-0.03015381,-0.022805,-0.0175926,-0.03015381,-0.012317,-0.0041604,-0.01722169,-0.019261,,,,,,,,MediumOverlap(Clone) (UnityEngine.GameObject)
-0.8228168,-0.03015381,-2.808364,-0.8318942,-0.03015381,-2.822342,-0.823274,-0.03268743,-2.782861,,-0.0228168,-0.03015381,0.091636,-0.0318942,-0.03015381,0.077658,-0.023274,-0.03268743,0.117139,,,,,,,,MediumOverlap(Clone) (UnityEngine.GameObject)
-0.7115311,-0.01703721,-3.022638,-0.7277706,-0.01703721,-3.026387,-0.7093374,-0.01761985,-2.997844,,0.0884689,-0.01703721,-0.122638,0.0722294,-0.01703721,-0.126387,0.0906626,-0.01761985,-0.097844,,,,,,,,MediumOverlap(Clone) (UnityEngine.GameObject)
-0.8609256,-0.03015381,-2.92281,-0.8695096,-0.03015381,-2.908524,-0.8571132,-0.02814388,-2.893199,,-0.0609256,-0.03015381,-0.02281,-0.0695096,-0.03015381,-0.008524,-0.0571132,-0.02814388,0.006801,,,,,,,,MediumOverlap(Clone) (UnityEngine.GameObject)
-0.5802646,-0.01703721,-2.877079,-0.5782335,-0.01703721,-2.860536,-0.5996481,-0.02228618,-2.869589,,0.2197354,-0.01703721,0.022921,0.2217665,-0.01703721,0.039464,0.2003519,-0.02228618,0.030411,,,,,,,,MediumOverlap(Clone) (UnityEngine.GameObject)
-0.7811149,-0.007596254,-2.937441,-0.7966746,-0.007596254,-2.931468,-0.779601,-0.01120543,-2.923353,,0.0188851,-0.007596254,-0.037441,0.0033254,-0.007596254,-0.031468,0.020399,-0.01120543,-0.023353,,,,,,,,MediumOverlap(Clone) (UnityEngine.GameObject)
-0.6797578,-0.01703721,-2.90749,-0.6699614,-0.01703721,-2.894006,-0.6820407,-0.03207254,-2.895897,,0.1202422,-0.01703721,-0.00749,0.1300386,-0.01703721,0.005994,0.1179593,-0.03207254,0.004103,,,,,,,,MediumOverlap(Clone) (UnityEngine.GameObject)
-0.8505701,-0.007596254,-2.775527,-0.8400814,-0.007596254,-2.762574,-0.843608,-0.0254004,-2.769901,,-0.0505701,-0.007596254,0.124473,-0.0400814,-0.007596254,0.137426,-0.043608,-0.0254004,0.130099,,,,,,,,MediumOverlap(Clone) (UnityEngine.GameObject)
-0.6788778,-0.007596254,-2.906994,-0.6884375,-0.007596254,-2.920646,-0.673023,-0.01883841,-2.888045,,0.1211222,-0.007596254,-0.006994,0.1115625,-0.007596254,-0.020646,0.126977,-0.01883841,0.011955,,,,,,,,MediumOverlap(Clone) (UnityEngine.GameObject)
-0.6632288,-0.007596254,-2.860298,-0.6638104,-0.007596254,-2.876954,-0.6772516,-0.002514124,-2.841196,,0.1367712,-0.007596254,0.039702,0.1361896,-0.007596254,0.023046,0.1227484,-0.002514124,0.058804,,,,,,,,MediumOverlap(Clone) (UnityEngine.GameObject)
-0.718885,-0.01703721,-2.77628,-0.7033253,-0.01703721,-2.782253,-0.7250366,-0.01360655,-2.768857,,0.081115,-0.01703721,0.12372,0.0966747,-0.01703721,0.117747,0.0749634,-0.01360655,0.131143,,,,,,,,MediumOverlap(Clone) (UnityEngine.GameObject)
-0.8446441,-0.03015381,-2.945683,-0.8560108,-0.03015381,-2.933493,-0.8344906,-0.02684307,-2.921504,,-0.0446441,-0.03015381,-0.045683,-0.0560108,-0.03015381,-0.033493,-0.0344906,-0.02684307,-0.021504,,,,,,,,MediumOverlap(Clone) (UnityEngine.GameObject)
-0.8709224,-0.007596254,-2.978443,-0.8591373,-0.007596254,-2.990228,-0.8650067,-0.006944418,-2.954867,,-0.0709224,-0.007596254,-0.078443,-0.0591373,-0.007596254,-0.090228,-0.0650067,-0.006944418,-0.054867,,,,,,,,MediumOverlap(Clone) (UnityEngine.GameObject)
-0.754544,-0.007596254,-2.770958,-0.7711878,-0.007596254,-2.771831,-0.7647957,-0.007776022,-2.753207,,0.045456,-0.007596254,0.129042,0.0288122,-0.007596254,0.128169,0.0352043,-0.007776022,0.146793,,,,,,,,MediumOverlap(Clone) (UnityEngine.GameObject)
-0.581588,-0.01703721,-2.887738,-0.5786938,-0.01703721,-2.871325,-0.595178,-0.01246214,-2.872013,,0.218412,-0.01703721,0.012262,0.2213062,-0.01703721,0.028675,0.204822,-0.01246214,0.027987,,,,,,,,MediumOverlap(Clone) (UnityEngine.GameObject)
-0.7515153,-0.03015381,-2.945018,-0.7681794,-0.03015381,-2.944727,-0.7457246,-0.03293967,-2.940358,,0.0484847,-0.03015381,-0.045018,0.0318206,-0.03015381,-0.044727,0.0542754,-0.03293967,-0.040358,,,,,,,,MediumOverlap(Clone) (UnityEngine.GameObject)
-0.8244228,-0.007596254,-2.90307,-0.8158388,-0.007596254,-2.917356,-0.8204421,-0.0126524,-2.873442,,-0.0244228,-0.007596254,-0.00307,-0.0158388,-0.007596254,-0.017356,-0.0204421,-0.0126524,0.026558,,,,,,,,MediumOverlap(Clone) (UnityEngine.GameObject)
-0.8430895,-0.007596254,-2.948389,-0.8546671,-0.007596254,-2.9364,-0.8309129,-0.0103693,-2.932324,,-0.0430895,-0.007596254,-0.048389,-0.0546671,-0.007596254,-0.0364,-0.0309129,-0.0103693,-0.032324,,,,,,,,MediumOverlap(Clone) (UnityEngine.GameObject)
-0.8134992,-0.007596254,-2.799419,-0.8021325,-0.007596254,-2.78723,-0.8062818,-0.01183653,-2.797345,,-0.0134992,-0.007596254,0.100581,-0.0021325,-0.007596254,0.11277,-0.0062818,-0.01183653,0.102655,,,,,,,,MediumOverlap(Clone) (UnityEngine.GameObject)
-0.773932,-0.007596254,-2.775242,-0.757911,-0.007596254,-2.770648,-0.7743024,-0.003464222,-2.762944,,0.026068,-0.007596254,0.124758,0.042089,-0.007596254,0.129352,0.0256976,-0.003464222,0.137056,,,,,,,,MediumOverlap(Clone) (UnityEngine.GameObject)
-0.7899898,-0.01703721,-2.981924,-0.8058407,-0.01703721,-2.976774,-0.7928144,-0.007595539,-2.973735,,0.0100102,-0.01703721,-0.081924,-0.0058407,-0.01703721,-0.076774,0.0071856,-0.007595539,-0.073735,,,,,,,,MediumOverlap(Clone) (UnityEngine.GameObject)
-0.6379281,-0.01703721,-2.79426,-0.6462614,-0.01703721,-2.779826,-0.6532749,-0.01383662,-2.785045,,0.1620719,-0.01703721,0.10574,0.1537386,-0.01703721,0.120174,0.1467251,-0.01383662,0.114955,,,,,,,,MediumOverlap(Clone) (UnityEngine.GameObject)
-0.8687935,-0.01703721,-2.736256,-0.8568045,-0.01703721,-2.724678,-0.8560165,-0.03129697,-2.734782,,-0.0687935,-0.01703721,0.163744,-0.0568045,-0.01703721,0.175322,-0.0560165,-0.03129697,0.165218,,,,,,,,MediumOverlap(Clone) (UnityEngine.GameObject)
-0.8293178,-0.01703721,-2.824265,-0.8225389,-0.01703721,-2.809039,-0.8189372,-0.02779102,-2.816524,,-0.0293178,-0.01703721,0.075735,-0.0225389,-0.01703721,0.090961,-0.0189372,-0.02779102,0.083476,,,,,,,,MediumOverlap(Clone) (UnityEngine.GameObject)
-0.8069617,-0.01703721,-2.925244,-0.7943832,-0.01703721,-2.936178,-0.8016309,-0.01251912,-2.896228,,-0.0069617,-0.01703721,-0.025244,0.0056168,-0.01703721,-0.036178,-0.0016309,-0.01251912,0.003772,,,,,,,,MediumOverlap(Clone) (UnityEngine.GameObject)
-0.5848169,-0.03015381,-2.904969,-0.5891306,-0.03015381,-2.921068,-0.5999552,-0.02010036,-2.884212,,0.2151831,-0.03015381,-0.004969,0.2108694,-0.03015381,-0.021068,0.2000448,-0.02010036,0.015788,,,,,,,,MediumOverlap(Clone) (UnityEngine.GameObject)
-0.5790941,-0.01703721,-2.866754,-0.5796758,-0.01703721,-2.88341,-0.5774641,-0.007781982,-2.846478,,0.2209059,-0.01703721,0.033246,0.2203242,-0.01703721,0.01659,0.2225359,-0.007781982,0.053522,,,,,,,,MediumOverlap(Clone) (UnityEngine.GameObject)
-0.8519761,-0.01703721,-2.940532,-0.8622371,-0.01703721,-2.927398,-0.839289,-0.0246079,-2.923925,,-0.0519761,-0.01703721,-0.040532,-0.0622371,-0.01703721,-0.027398,-0.039289,-0.0246079,-0.023925,,,,,,,,MediumOverlap(Clone) (UnityEngine.GameObject)
-0.9049878,-0.007596254,-2.933291,-0.9120314,-0.007596254,-2.918186,-0.8979326,-0.02095079,-2.919516,,-0.1049878,-0.007596254,-0.033291,-0.1120314,-0.007596254,-0.018186,-0.0979326,-0.02095079,-0.019516,,,,,,,,MediumOverlap(Clone) (UnityEngine.GameObject)
-0.6919033,-0.03015381,-2.925619,-0.704289,-0.03015381,-2.936771,-0.6889253,-0.03223968,-2.917108,,0.1080967,-0.03015381,-0.025619,0.095711,-0.03015381,-0.036771,0.1110747,-0.03223968,-0.017108,,,,,,,,MediumOverlap(Clone) (UnityEngine.GameObject)
-0.6943246,-0.007596254,-2.699622,-0.6785659,-0.007596254,-2.705049,-0.6998363,-0.02936387,-2.688651,,0.1056754,-0.007596254,0.200378,0.1214341,-0.007596254,0.194951,0.1001637,-0.02936387,0.211349,,,,,,,,MediumOverlap(Clone) (UnityEngine.GameObject)
-0.7767519,-0.007596254,-2.692774,-0.7932134,-0.007596254,-2.695382,-0.7629508,-0.03180432,-2.68082,,0.0232481,-0.007596254,0.207226,0.0067866,-0.007596254,0.204618,0.0370492,-0.03180432,0.21918,,,,,,,,MediumOverlap(Clone) (UnityEngine.GameObject)
-0.7575672,-0.01703721,-2.948632,-0.740964,-0.01703721,-2.950084,-0.7602488,-0.02601051,-2.92211,,0.0424328,-0.01703721,-0.048632,0.059036,-0.01703721,-0.050084,0.0397512,-0.02601051,-0.02211,,,,,,,,MediumOverlap(Clone) (UnityEngine.GameObject)
-0.84617,-0.007596254,-2.776275,-0.8573222,-0.007596254,-2.788661,-0.8357785,-0.01922321,-2.763336,,-0.04617,-0.007596254,0.123725,-0.0573222,-0.007596254,0.111339,-0.0357785,-0.01922321,0.136664,,,,,,,,MediumOverlap(Clone) (UnityEngine.GameObject)
-0.8338656,-0.007596254,-2.840535,-0.8381793,-0.007596254,-2.856634,-0.8168616,-0.02314568,-2.819995,,-0.0338656,-0.007596254,0.059465,-0.0381793,-0.007596254,0.043366,-0.0168616,-0.02314568,0.080005,,,,,,,,MediumOverlap(Clone) (UnityEngine.GameObject)
-0.5806542,-0.007596254,-2.887037,-0.5783346,-0.007596254,-2.870533,-0.6002301,-0.01616597,-2.863341,,0.2193458,-0.007596254,0.012963,0.2216654,-0.007596254,0.029467,0.1997699,-0.01616597,0.036659,,,,,,,,MediumOverlap(Clone) (UnityEngine.GameObject)
-0.6865008,-0.03015381,-2.804096,-0.6751342,-0.03015381,-2.816285,-0.6981232,-0.04056668,-2.794282,,0.1134992,-0.03015381,0.095904,0.1248658,-0.03015381,0.083715,0.1018768,-0.04056668,0.105718,,,,,,,,MediumOverlap(Clone) (UnityEngine.GameObject)
-0.8653047,-0.01703721,-2.805118,-0.8577382,-0.01703721,-2.790268,-0.8579103,-0.0302968,-2.792823,,-0.0653047,-0.01703721,0.094882,-0.0577382,-0.01703721,0.109732,-0.0579103,-0.0302968,0.107177,,,,,,,,MediumOverlap(Clone) (UnityEngine.GameObject)
-0.5962971,-0.01703721,-2.939333,-0.6036033,-0.01703721,-2.954313,-0.6193571,-0.02630854,-2.914432,,0.2037029,-0.01703721,-0.039333,0.1963967,-0.01703721,-0.054313,0.1806429,-0.02630854,-0.014432,,,,,,,,MediumOverlap(Clone) (UnityEngine.GameObject)
-0.754427751,-0.018572098,-2.915077857,-0.736878607,-0.010995307,-2.916100992,-0.738973682,-0.025876437,-2.878521369,,0.045572249,-0.018572098,-0.015077857,0.063121393,-0.010995307,-0.016100992,0.061026318,-0.025876437,0.021478631,,,,,,,,MediumOverlap(Clone) (UnityEngine.GameObject)
-0.8251919,-0.03015381,-2.893689,-0.8176919,-0.03015381,-2.90668,-0.8304127,-0.01599121,-2.889702,,-0.0251919,-0.03015381,0.006311,-0.0176919,-0.03015381,-0.00668,-0.0304127,-0.01599121,0.010298,,,,,,,,LargeOverlap(Clone) (UnityEngine.GameObject)
-0.6777281,-0.01703721,-3.005436,-0.6641334,-0.01703721,-2.999096,-0.6786004,-0.01962137,-2.990079,,0.1222719,-0.01703721,-0.105436,0.1358666,-0.01703721,-0.099096,0.1213996,-0.01962137,-0.090079,,,,,,,,LargeOverlap(Clone) (UnityEngine.GameObject)
-0.7079068,-0.01703721,-2.926645,-0.6947876,-0.01703721,-2.919373,-0.7147971,-0.01165366,-2.91366,,0.0920932,-0.01703721,-0.026645,0.1052124,-0.01703721,-0.019373,0.0852029,-0.01165366,-0.01366,,,,,,,,LargeOverlap(Clone) (UnityEngine.GameObject)
-0.8682215,-0.007596254,-2.903486,-0.8743226,-0.007596254,-2.889782,-0.8612463,-0.01971579,-2.898875,,-0.0682215,-0.007596254,-0.003486,-0.0743226,-0.007596254,0.010218,-0.0612463,-0.01971579,0.001125,,,,,,,,LargeOverlap(Clone) (UnityEngine.GameObject)
-0.7880612,-0.01703721,-2.772898,-0.8015431,-0.01703721,-2.779474,-0.7824433,-0.01566625,-2.777297,,0.0119388,-0.01703721,0.127102,-0.0015431,-0.01703721,0.120526,0.0175567,-0.01566625,0.122703,,,,,,,,LargeOverlap(Clone) (UnityEngine.GameObject)
-0.6249312,-0.03015381,-2.734776,-0.6147012,-0.03015381,-2.745746,-0.635767,-0.02579975,-2.724159,,0.1750688,-0.03015381,0.165224,0.1852988,-0.03015381,0.154254,0.164233,-0.02579975,0.175841,,,,,,,,LargeOverlap(Clone) (UnityEngine.GameObject)
-0.7708409,-0.01703721,-2.68199,-0.7857291,-0.01703721,-2.683818,-0.759661,-0.01194096,-2.68591,,0.0291591,-0.01703721,0.21801,0.0142709,-0.01703721,0.216182,0.040339,-0.01194096,0.21409,,,,,,,,LargeOverlap(Clone) (UnityEngine.GameObject)
-0.6617429,-0.01703721,-2.757179,-0.6507726,-0.01703721,-2.767409,-0.6718323,-0.01572537,-2.760857,,0.1382571,-0.01703721,0.142821,0.1492274,-0.01703721,0.132591,0.1281677,-0.01572537,0.139143,,,,,,,,LargeOverlap(Clone) (UnityEngine.GameObject)
-0.8755655,-0.007596254,-2.883382,-0.8791944,-0.007596254,-2.868827,-0.8671771,-0.004328251,-2.864836,,-0.0755655,-0.007596254,0.016618,-0.0791944,-0.007596254,0.031173,-0.0671771,-0.004328251,0.035164,,,,,,,,LargeOverlap(Clone) (UnityEngine.GameObject)
-0.8338656,-0.007596254,-2.875042,-0.8377479,-0.007596254,-2.860553,-0.8225319,-0.01503515,-2.873108,,-0.0338656,-0.007596254,0.024958,-0.0377479,-0.007596254,0.039447,-0.0225319,-0.01503515,0.026892,,,,,,,,LargeOverlap(Clone) (UnityEngine.GameObject)
-0.5914422,-0.03015381,-2.788999,-0.5858231,-0.03015381,-2.802907,-0.6026766,-0.02028847,-2.778973,,0.2085578,-0.03015381,0.111001,0.2141769,-0.03015381,0.097093,0.1973234,-0.02028847,0.121027,,,,,,,,LargeOverlap(Clone) (UnityEngine.GameObject)
-0.8687935,-0.007596254,-2.730339,-0.8795837,-0.007596254,-2.740759,-0.8559842,-0.01099086,-2.731755,,-0.0687935,-0.007596254,0.169661,-0.0795837,-0.007596254,0.159241,-0.0559842,-0.01099086,0.168245,,,,,,,,LargeOverlap(Clone) (UnityEngine.GameObject)
-0.6706822,-0.007596254,-2.888762,-0.6645811,-0.007596254,-2.875059,-0.6819969,-0.000159025,-2.876019,,0.1293178,-0.007596254,0.011238,0.1354189,-0.007596254,0.024941,0.1180031,-0.000159025,0.023981,,,,,,,,LargeOverlap(Clone) (UnityEngine.GameObject)
-0.754544,-0.03015381,-2.766821,-0.7395646,-0.03015381,-2.766036,-0.7605617,-0.04197025,-2.75984,,0.045456,-0.03015381,0.133179,0.0604354,-0.03015381,0.133964,0.0394383,-0.04197025,0.14016,,,,,,,,LargeOverlap(Clone) (UnityEngine.GameObject)
-0.5856146,-0.007596254,-2.806507,-0.5897491,-0.007596254,-2.792088,-0.588738,-0.01872182,-2.806179,,0.2143854,-0.007596254,0.093493,0.2102509,-0.007596254,0.107912,0.211262,-0.01872182,0.093821,,,,,,,,LargeOverlap(Clone) (UnityEngine.GameObject)
-0.6859385,-0.007596254,-3.012595,-0.6720308,-0.007596254,-3.006976,-0.6938579,-0.0185411,-2.999205,,0.1140615,-0.007596254,-0.112595,0.1279692,-0.007596254,-0.106976,0.1061421,-0.0185411,-0.099205,,,,,,,,LargeOverlap(Clone) (UnityEngine.GameObject)
-0.7826303,-0.007596254,-2.686329,-0.7679058,-0.007596254,-2.683467,-0.7851604,-0.02076054,-2.690648,,0.0173697,-0.007596254,0.213671,0.0320942,-0.007596254,0.216533,0.0148396,-0.02076054,0.209352,,,,,,,,LargeOverlap(Clone) (UnityEngine.GameObject)
-0.7319483,-0.03015381,-2.939198,-0.717276,-0.03015381,-2.936079,-0.7331579,-0.02432537,-2.918491,,0.0680517,-0.03015381,-0.039198,0.082724,-0.03015381,-0.036079,0.0668421,-0.02432537,-0.018491,,,,,,,,LargeOverlap(Clone) (UnityEngine.GameObject)
-0.9049878,-0.03015381,-2.926698,-0.911327,-0.03015381,-2.913104,-0.9067221,-0.01975012,-2.92508,,-0.1049878,-0.03015381,-0.026698,-0.111327,-0.03015381,-0.013104,-0.1067221,-0.01975012,-0.02508,,,,,,,,LargeOverlap(Clone) (UnityEngine.GameObject)
-0.7484847,-0.007596254,-2.941542,-0.733487,-0.007596254,-2.94128,-0.7529115,-0.01602721,-2.920937,,0.0515153,-0.007596254,-0.041542,0.066513,-0.007596254,-0.04128,0.0470885,-0.01602721,-0.020937,,,,,,,,LargeOverlap(Clone) (UnityEngine.GameObject)
-0.8666286,-0.01703721,-2.980015,-0.8775989,-0.01703721,-2.969784,-0.8689656,-0.01257777,-2.980032,,-0.0666286,-0.01703721,-0.080015,-0.0775989,-0.01703721,-0.069784,-0.0689656,-0.01257777,-0.080032,,,,,,,,LargeOverlap(Clone) (UnityEngine.GameObject)
-0.6327152,-0.01703721,-2.909726,-0.6390544,-0.01703721,-2.923321,-0.6454917,-0.01768565,-2.897182,,0.1672848,-0.01703721,-0.009726,0.1609456,-0.01703721,-0.023321,0.1545083,-0.01768565,0.002818,,,,,,,,LargeOverlap(Clone) (UnityEngine.GameObject)
-0.7768301,-0.01703721,-2.938075,-0.791096,-0.01703721,-2.93344,-0.7736897,-0.01000881,-2.918587,,0.0231699,-0.01703721,-0.038075,0.008904,-0.01703721,-0.03344,0.0263103,-0.01000881,-0.018587,,,,,,,,LargeOverlap(Clone) (UnityEngine.GameObject)
-0.7522585,-0.007596254,-2.98496,-0.7372608,-0.007596254,-2.985222,-0.7670865,-0.006693363,-2.973958,,0.0477415,-0.007596254,-0.08496,0.0627392,-0.007596254,-0.085222,0.0329135,-0.006693363,-0.073958,,,,,,,,LargeOverlap(Clone) (UnityEngine.GameObject)
-0.8505701,-0.01703721,-2.774405,-0.8411303,-0.01703721,-2.762748,-0.8407066,-0.01198363,-2.76988,,-0.0505701,-0.01703721,0.125595,-0.0411303,-0.01703721,0.137252,-0.0407066,-0.01198363,0.13012,,,,,,,,LargeOverlap(Clone) (UnityEngine.GameObject)
-0.6617429,-0.03015381,-2.761278,-0.6727132,-0.03015381,-2.751048,-0.6663913,-0.0231142,-2.758188,,0.1382571,-0.03015381,0.138722,0.1272868,-0.03015381,0.148952,0.1336087,-0.0231142,0.141812,,,,,,,,LargeOverlap(Clone) (UnityEngine.GameObject)
-0.6276409,-0.01703721,-2.813953,-0.6325244,-0.01703721,-2.79977,-0.6225913,-0.01638055,-2.8049,,0.1723591,-0.01703721,0.086047,0.1674756,-0.01703721,0.10023,0.1774087,-0.01638055,0.0951,,,,,,,,LargeOverlap(Clone) (UnityEngine.GameObject)
-0.7947177,-0.01703721,-2.782185,-0.8075752,-0.01703721,-2.78991,-0.7952263,-0.01025367,-2.775926,,0.0052823,-0.01703721,0.117815,-0.0075752,-0.01703721,0.11009,0.0047737,-0.01025367,0.124074,,,,,,,,LargeOverlap(Clone) (UnityEngine.GameObject)
-0.7985514,-0.007596254,-2.928734,-0.7861159,-0.007596254,-2.937122,-0.8088533,-0.01083016,-2.905908,,0.0014486,-0.007596254,-0.028734,0.0138841,-0.007596254,-0.037122,-0.0088533,-0.01083016,-0.005908,,,,,,,,LargeOverlap(Clone) (UnityEngine.GameObject)
-0.8770319,-0.01703721,-2.832201,-0.8741698,-0.01703721,-2.817477,-0.8725526,-0.02859831,-2.8285,,-0.0770319,-0.01703721,0.067799,-0.0741698,-0.01703721,0.082523,-0.0725526,-0.02859831,0.0715,,,,,,,,LargeOverlap(Clone) (UnityEngine.GameObject)
-0.726068,-0.03015381,-2.940507,-0.7116491,-0.03015381,-2.936373,-0.7349063,-0.0230782,-2.937773,,0.073932,-0.03015381,-0.040507,0.0883509,-0.03015381,-0.036373,0.0650937,-0.0230782,-0.037773,,,,,,,,LargeOverlap(Clone) (UnityEngine.GameObject)
-0.785555,-0.007596254,-3.025554,-0.7708828,-0.007596254,-3.028673,-0.7828457,-0.01963735,-3.003025,,0.014445,-0.007596254,-0.125554,0.0291172,-0.007596254,-0.128673,0.0171543,-0.01963735,-0.103025,,,,,,,,LargeOverlap(Clone) (UnityEngine.GameObject)
-0.6632288,-0.01703721,-2.855393,-0.6637523,-0.01703721,-2.840402,-0.6770722,-0.01494908,-2.844243,,0.1367712,-0.01703721,0.044607,0.1362477,-0.01703721,0.059598,0.1229278,-0.01494908,0.055757,,,,,,,,LargeOverlap(Clone) (UnityEngine.GameObject)
-0.7665668,-0.01703721,-2.773545,-0.7812912,-0.01703721,-2.776407,-0.7657657,-0.02463055,-2.775042,,0.0334332,-0.01703721,0.126455,0.0187088,-0.01703721,0.123593,0.0342343,-0.02463055,0.124958,,,,,,,,LargeOverlap(Clone) (UnityEngine.GameObject)
-0.8005643,-0.007596254,-2.739993,-0.8143719,-0.007596254,-2.745854,-0.787993,-0.0198648,-2.73846,,-0.0005643,-0.007596254,0.160007,-0.0143719,-0.007596254,0.154146,0.012007,-0.0198648,0.16154,,,,,,,,LargeOverlap(Clone) (UnityEngine.GameObject)
-0.8330303,-0.03015381,-2.884573,-0.8374159,-0.03015381,-2.870229,-0.8173823,-0.03361678,-2.859253,,-0.0330303,-0.03015381,0.015427,-0.0374159,-0.03015381,0.029771,-0.0173823,-0.03361678,0.040747,,,,,,,,LargeOverlap(Clone) (UnityEngine.GameObject)
-0.6508666,-0.007596254,-2.942829,-0.6605084,-0.007596254,-2.954319,-0.6675376,-0.009254456,-2.916545,,0.1491334,-0.007596254,-0.042829,0.1394916,-0.007596254,-0.054319,0.1324624,-0.009254456,-0.016545,,,,,,,,LargeOverlap(Clone) (UnityEngine.GameObject)
-0.6852952,-0.03015381,-2.971874,-0.6723049,-0.03015381,-2.964374,-0.6982627,-0.03013706,-2.943442,,0.1147048,-0.03015381,-0.071874,0.1276951,-0.03015381,-0.064374,0.1017373,-0.03013706,-0.043442,,,,,,,,LargeOverlap(Clone) (UnityEngine.GameObject)
-0.6470836,-0.007596254,-2.723307,-0.6351041,-0.007596254,-2.732334,-0.6671245,-0.01634526,-2.711462,,0.1529164,-0.007596254,0.176693,0.1648959,-0.007596254,0.167666,0.1328755,-0.01634526,0.188538,,,,,,,,LargeOverlap(Clone) (UnityEngine.GameObject)
-0.8286894,-0.007596254,-2.896646,-0.8350286,-0.007596254,-2.883052,-0.8186932,-0.009871006,-2.869708,,-0.0286894,-0.007596254,0.003354,-0.0350286,-0.007596254,0.016948,-0.0186932,-0.009871006,0.030292,,,,,,,,LargeOverlap(Clone) (UnityEngine.GameObject)
-0.6740619,-0.03015381,-2.818074,-0.681334,-0.03015381,-2.804954,-0.6830025,-0.02143121,-2.806441,,0.1259381,-0.03015381,0.081926,0.118666,-0.03015381,0.095046,0.1169975,-0.02143121,0.093559,,,,,,,,LargeOverlap(Clone) (UnityEngine.GameObject)
-0.8774435,-0.01703721,-2.83785,-0.8748388,-0.01703721,-2.823078,-0.8618913,-0.01484489,-2.824768,,-0.0774435,-0.01703721,0.06215,-0.0748388,-0.01703721,0.076922,-0.0618913,-0.01484489,0.075232,,,,,,,,LargeOverlap(Clone) (UnityEngine.GameObject)
-0.6553559,-0.03015381,-2.772358,-0.6451259,-0.03015381,-2.783329,-0.6562796,-0.03363085,-2.747498,,0.1446441,-0.03015381,0.127642,0.1548741,-0.03015381,0.116671,0.1437204,-0.03363085,0.152502,,,,,,,,LargeOverlap(Clone) (UnityEngine.GameObject)
-0.6210829,-0.03015381,-2.849654,-0.6197756,-0.03015381,-2.864597,-0.6282434,-0.02205253,-2.82247,,0.1789171,-0.03015381,0.050346,0.1802244,-0.03015381,0.035403,0.1717566,-0.02205253,0.07753,,,,,,,,LargeOverlap(Clone) (UnityEngine.GameObject)
-0.8084889,-0.007596254,-2.700835,-0.8225843,-0.007596254,-2.705966,-0.8055574,-0.02154684,-2.705778,,-0.0084889,-0.007596254,0.199165,-0.0225843,-0.007596254,0.194034,-0.0055574,-0.02154684,0.194222,,,,,,,,LargeOverlap(Clone) (UnityEngine.GameObject)
-0.7880611,-0.03015381,-2.939642,-0.7745792,-0.03015381,-2.946218,-0.7907076,-0.01788807,-2.921383,,0.0119389,-0.03015381,-0.039642,0.0254208,-0.03015381,-0.046218,0.0092924,-0.01788807,-0.021383,,,,,,,,LargeOverlap(Clone) (UnityEngine.GameObject)
-0.7028632,-0.007596254,-2.697681,-0.6884443,-0.007596254,-2.701816,-0.6991415,-0.0356102,-2.677898,,0.0971368,-0.007596254,0.202319,0.1115557,-0.007596254,0.198184,0.1008585,-0.0356102,0.222102,,,,,,,,LargeOverlap(Clone) (UnityEngine.GameObject)
-0.9178681,-0.01703721,-2.829795,-0.9207303,-0.01703721,-2.84452,-0.8967971,-0.02817798,-2.804864,,-0.1178681,-0.01703721,0.070205,-0.1207303,-0.01703721,0.05548,-0.0967971,-0.02817798,0.095136,,,,,,,,LargeOverlap(Clone) (UnityEngine.GameObject)
-0.8147048,-0.007596254,-2.974713,-0.8276951,-0.007596254,-2.967213,-0.8084006,-0.00805831,-2.941146,,-0.0147048,-0.007596254,-0.074713,-0.0276951,-0.007596254,-0.067213,-0.0084006,-0.00805831,-0.041146,,,,,,,,LargeOverlap(Clone) (UnityEngine.GameObject)
-0.8709224,-0.03015381,-2.742224,-0.8603158,-0.03015381,-2.731618,-0.8592063,-0.04535747,-2.738146,,-0.0709224,-0.03015381,0.157776,-0.0603158,-0.03015381,0.168382,-0.0592063,-0.04535747,0.161854,,,,,,,,LargeOverlap(Clone) (UnityEngine.GameObject)
-0.8028451,-0.03015381,-3.026032,-0.7885792,-0.03015381,-3.030667,-0.798808,-0.02153707,-2.993555,,-0.0028451,-0.03015381,-0.126032,0.0114208,-0.03015381,-0.130667,0.001192,-0.02153707,-0.093555,,,,,,,,LargeOverlap(Clone) (UnityEngine.GameObject)
-0.9106969,-0.01703721,-2.804984,-0.9158272,-0.01703721,-2.819079,-0.8929247,-0.03088713,-2.787232,,-0.1106969,-0.01703721,0.095016,-0.1158272,-0.01703721,0.080921,-0.0929247,-0.03088713,0.112768,,,,,,,,LargeOverlap(Clone) (UnityEngine.GameObject)
-0.8533511,-0.03015381,-2.785664,-0.8623783,-0.03015381,-2.797644,-0.8337895,-0.0386548,-2.778794,,-0.0533511,-0.03015381,0.114336,-0.0623783,-0.03015381,0.102356,-0.0337895,-0.0386548,0.121206,,,,,,,,LargeOverlap(Clone) (UnityEngine.GameObject)
-0.8431388,-0.03015381,-3.007049,-0.8305587,-0.03015381,-3.015219,-0.8499241,-0.02494884,-2.976603,,-0.0431388,-0.03015381,-0.107049,-0.0305587,-0.03015381,-0.115219,-0.0499241,-0.02494884,-0.076603,,,,,,,,LargeOverlap(Clone) (UnityEngine.GameObject)
-0.9200733,-0.03015381,-2.881579,-0.9216412,-0.03015381,-2.866661,-0.915309,-0.04747152,-2.851299,,-0.1200733,-0.03015381,0.018421,-0.1216412,-0.03015381,0.033339,-0.115309,-0.04747152,0.048701,,,,,,,,LargeOverlap(Clone) (UnityEngine.GameObject)
-0.7826302,-0.01703721,-3.031665,-0.7973546,-0.01703721,-3.028803,-0.7859548,-0.03224134,-2.998698,,0.0173698,-0.01703721,-0.131665,0.0026454,-0.01703721,-0.128803,0.0140452,-0.03224134,-0.098698,,,,,,,,LargeOverlap(Clone) (UnityEngine.GameObject)
-0.7432272,-0.03015381,-2.993171,-0.7282478,-0.03015381,-2.992386,-0.7572246,-0.0257473,-2.968032,,0.0567728,-0.03015381,-0.093171,0.0717522,-0.03015381,-0.092386,0.0427754,-0.0257473,-0.068032,,,,,,,,LargeOverlap(Clone) (UnityEngine.GameObject)
-0.8723592,-0.01703721,-2.906357,-0.8772427,-0.01703721,-2.892174,-0.8564852,-0.02237129,-2.879746,,-0.0723592,-0.01703721,-0.006357,-0.0772427,-0.01703721,0.007826,-0.0564852,-0.02237129,0.020254,,,,,,,,LargeOverlap(Clone) (UnityEngine.GameObject)
