Trial Number,,Target Position X,Target Position Y,Target Position Z,Penalty Position X,Penalty Position Y,Penalty Position Z,Collision Position X,Collision Position Y,Collision Position Z,,Overlap Type,,,,,,Targetx,Targety,Targetz,Penaltyx,Penltyy,Penaltyz,Collisionx,Collisiony,Collisionz,,TargetRadius
153,,-0.7947177,-0.01703721,-2.787362,-0.779003,-0.01703721,-2.777919,-0.8135024,0.004292011,-2.759051,,SmallOverlap(Clone) (UnityEngine.GameObject),,,,,,-0.0447177,-0.01703721,0.062638,-0.029003,-0.01703721,0.072081,-0.0635024,0.004292011,0.090949,,0.078825492
124,,-0.7753849,-0.01703721,-2.776621,-0.7578527,-0.01703721,-2.77126,-0.7719325,-0.02622843,-2.767146,,SmallOverlap(Clone) (UnityEngine.GameObject),,,,,,-0.0253849,-0.01703721,0.073379,-0.0078527,-0.01703721,0.07874,-0.0219325,-0.02622843,0.082854,,0.079493002
122,,-0.718885,-0.01703721,-2.778448,-0.7360007,-0.01703721,-2.771878,-0.7146018,-0.0351162,-2.759665,,SmallOverlap(Clone) (UnityEngine.GameObject),,,,,,0.031115,-0.01703721,0.071552,0.0139993,-0.01703721,0.078122,0.0353982,-0.0351162,0.090335,,0.079862998
88,,-0.754544,-0.007596254,-2.77023,-0.7362358,-0.007596254,-2.76927,-0.7587464,-0.01006413,-2.757118,,SmallOverlap(Clone) (UnityEngine.GameObject),,,,,,-0.004544,-0.007596254,0.07977,0.0137642,-0.007596254,0.08073,-0.0087464,-0.01006413,0.092882,,0.080259603
143,,-0.7394188,-0.03015381,-2.774878,-0.7576155,-0.03015381,-2.772643,-0.7397339,-0.05029583,-2.750366,,SmallOverlap(Clone) (UnityEngine.GameObject),,,,,,0.0105812,-0.03015381,0.075122,-0.0076155,-0.03015381,0.077357,0.0102661,-0.05029583,0.099634,,0.081636566
109,,-0.6834888,-0.007596254,-2.802629,-0.6717044,-0.007596254,-2.816673,-0.6856122,-0.02511406,-2.789506,,SmallOverlap(Clone) (UnityEngine.GameObject),,,,,,0.0665112,-0.007596254,0.047371,0.0782956,-0.007596254,0.033327,0.0643878,-0.02511406,0.060494,,0.082008868
161,,-0.6780195,-0.01703721,-2.813787,-0.6882714,-0.01703721,-2.798588,-0.6843086,-0.02260327,-2.79668,,SmallOverlap(Clone) (UnityEngine.GameObject),,,,,,0.0719805,-0.01703721,0.036213,0.0617286,-0.01703721,0.051412,0.0656914,-0.02260327,0.05332,,0.082358001
102,,-0.8334607,-0.007596254,-2.83401,-0.838514,-0.007596254,-2.851634,-0.8376893,-0.02348685,-2.812809,,SmallOverlap(Clone) (UnityEngine.GameObject),,,,,,-0.0834607,-0.007596254,0.01599,-0.088514,-0.007596254,-0.001634,-0.0876893,-0.02348685,0.037191,,0.085317475
29,,-0.8219805,-0.007596254,-2.804227,-0.8117286,-0.007596254,-2.789028,-0.838142,0.01559639,-2.815628,,SmallOverlap(Clone) (UnityEngine.GameObject),,,,,,-0.0719805,-0.007596254,0.045773,-0.0617286,-0.007596254,0.060972,-0.088142,0.01559639,0.034372,,0.085639144
87,,-0.8345988,-0.007596254,-2.837334,-0.8304747,-0.007596254,-2.819471,-0.830313,-0.01554799,-2.837604,,SmallOverlap(Clone) (UnityEngine.GameObject),,,,,,-0.0845988,-0.007596254,0.012666,-0.0804747,-0.007596254,0.030529,-0.080313,-0.01554799,0.012396,,0.08587833
12,,-0.6896869,-0.007596254,-2.789051,-0.7028748,-0.007596254,-2.776315,-0.6804221,-0.01520181,-2.77826,,SmallOverlap(Clone) (UnityEngine.GameObject),,,,,,0.0603131,-0.007596254,0.060949,0.0471252,-0.007596254,0.073685,0.0695779,-0.01520181,0.07174,,0.08608225
99,,-0.6977479,-0.03015381,-2.788391,-0.6831063,-0.03015381,-2.799424,-0.7084337,-0.03209066,-2.774433,,SmallOverlap(Clone) (UnityEngine.GameObject),,,,,,0.0522521,-0.03015381,0.061609,0.0668937,-0.03015381,0.050576,0.0415663,-0.03209066,0.075567,,0.086227624
151,,-0.8345988,-0.01703721,-2.8421,-0.8304747,-0.01703721,-2.824236,-0.8394126,-0.02079439,-2.828322,,SmallOverlap(Clone) (UnityEngine.GameObject),,,,,,-0.0845988,-0.01703721,0.0079,-0.0804747,-0.01703721,0.025764,-0.0894126,-0.02079439,0.021678,,0.086658141
15,,-0.7052823,-0.01703721,-2.777299,-0.720997,-0.01703721,-2.767857,-0.7005883,-0.02607822,-2.773307,,SmallOverlap(Clone) (UnityEngine.GameObject),,,,,,0.0447177,-0.01703721,0.072701,0.029003,-0.01703721,0.082143,0.0494117,-0.02607822,0.076693,,0.087036628
68,,-0.8355051,-0.007596254,-2.87059,-0.8386886,-0.007596254,-2.852535,-0.8384728,-0.01625061,-2.869643,,SmallOverlap(Clone) (UnityEngine.GameObject),,,,,,-0.0855051,-0.007596254,-0.02059,-0.0886886,-0.007596254,-0.002535,-0.0884728,-0.01625061,-0.019643,,0.088276686
36,,-0.8202422,-0.03015381,-2.802226,-0.8310182,-0.03015381,-2.817058,-0.8173577,-0.0404489,-2.793293,,SmallOverlap(Clone) (UnityEngine.GameObject),,,,,,-0.0702422,-0.03015381,0.047774,-0.0810182,-0.03015381,0.032942,-0.0673577,-0.0404489,0.056707,,0.090141966
30,,-0.6780195,-0.03015381,-2.804296,-0.6882714,-0.03015381,-2.789097,-0.6612318,0.01137519,-2.785781,,SmallOverlap(Clone) (UnityEngine.GameObject),,,,,,0.0719805,-0.03015381,0.045704,0.0617286,-0.03015381,0.060903,0.0887682,0.01137519,0.064219,,0.090439484
23,,-0.793412,-0.01703721,-2.927509,-0.7775349,-0.01703721,-2.936676,-0.808751,0.02079463,-2.922299,,SmallOverlap(Clone) (UnityEngine.GameObject),,,,,,-0.043412,-0.01703721,-0.077509,-0.0275349,-0.01703721,-0.086676,-0.058751,0.02079463,-0.072299,,0.090457246
41,,-0.8305019,-0.03015381,-2.821081,-0.8236341,-0.03015381,-2.804083,-0.8476846,0.01195049,-2.807311,,SmallOverlap(Clone) (UnityEngine.GameObject),,,,,,-0.0805019,-0.03015381,0.028919,-0.0736341,-0.03015381,0.045917,-0.0976846,0.01195049,0.042689,,0.090697942
13,,-0.6726391,-0.03015381,-2.812161,-0.6809623,-0.03015381,-2.795826,-0.6675937,-0.04104543,-2.814327,,SmallOverlap(Clone) (UnityEngine.GameObject),,,,,,0.0773609,-0.03015381,0.037839,0.0690377,-0.03015381,0.054174,0.0824063,-0.04104543,0.035673,,0.091245553
52,,-0.7575672,-0.007596254,-2.940867,-0.7758308,-0.007596254,-2.93927,-0.753785,-0.01868486,-2.930066,,SmallOverlap(Clone) (UnityEngine.GameObject),,,,,,-0.0075672,-0.007596254,-0.090867,-0.0258308,-0.007596254,-0.08927,-0.003785,-0.01868486,-0.080066,,0.091497417
85,,-0.6865008,-0.007596254,-2.915935,-0.6739975,-0.007596254,-2.902526,-0.6778897,0.01472545,-2.922262,,SmallOverlap(Clone) (UnityEngine.GameObject),,,,,,0.0634992,-0.007596254,-0.065935,0.0760025,-0.007596254,-0.052526,0.0721103,0.01472545,-0.072262,,0.091854644
76,,-0.7379164,-0.007596254,-2.942057,-0.7560713,-0.007596254,-2.944608,-0.7413116,-0.005619764,-2.931924,,SmallOverlap(Clone) (UnityEngine.GameObject),,,,,,0.0120836,-0.007596254,-0.092057,-0.0060713,-0.007596254,-0.094608,0.0086884,-0.005619764,-0.081924,,0.093156898
170,,-0.8367712,-0.03015381,-2.866004,-0.8361315,-0.03015381,-2.884326,-0.8356498,-0.02855968,-2.865166,,SmallOverlap(Clone) (UnityEngine.GameObject),,,,,,-0.0867712,-0.03015381,-0.016004,-0.0861315,-0.03015381,-0.034326,-0.0856498,-0.02855968,-0.015166,,0.093244954
21,,-0.6977479,-0.03015381,-2.921514,-0.7123896,-0.03015381,-2.932547,-0.6894369,-0.02910256,-2.921881,,SmallOverlap(Clone) (UnityEngine.GameObject),,,,,,0.0522521,-0.03015381,-0.071514,0.0376104,-0.03015381,-0.082547,0.0605631,-0.02910256,-0.071881,,0.093561672
91,,-0.6989661,-0.01703721,-2.927399,-0.713798,-0.01703721,-2.938175,-0.6948191,-0.02387667,-2.923848,,SmallOverlap(Clone) (UnityEngine.GameObject),,,,,,0.0510339,-0.01703721,-0.077399,0.036202,-0.01703721,-0.088175,0.0551809,-0.02387667,-0.073848,,0.094262032
139,,-0.8022521,-0.01703721,-2.791402,-0.8155627,-0.01703721,-2.801432,-0.8016399,-0.03058076,-2.770019,,MediumOverlap(Clone) (UnityEngine.GameObject),,,,,,-0.0522521,-0.01703721,0.058598,-0.0655627,-0.01703721,0.048568,-0.0516399,-0.03058076,0.079981,,0.080338497
67,,-0.745456,-0.007596254,-2.768739,-0.7620998,-0.007596254,-2.767867,-0.7421197,-0.01965046,-2.750323,,MediumOverlap(Clone) (UnityEngine.GameObject),,,,,,0.004544,-0.007596254,0.081261,-0.0120998,-0.007596254,0.082133,0.0078803,-0.01965046,0.099677,,0.081741673
53,,-0.6896869,-0.01703721,-2.791986,-0.6776979,-0.01703721,-2.803564,-0.6915816,-0.02001333,-2.778463,,MediumOverlap(Clone) (UnityEngine.GameObject),,,,,,0.0603131,-0.01703721,0.058014,0.0723021,-0.01703721,0.046436,0.0584184,-0.02001333,0.071537,,0.085402346
89,,-0.7825249,-0.03015381,-2.776501,-0.7670718,-0.03015381,-2.770258,-0.7915071,0.001323462,-2.724875,,MediumOverlap(Clone) (UnityEngine.GameObject),,,,,,-0.0325249,-0.03015381,0.073499,-0.0170718,-0.03015381,0.079742,-0.0415071,0.001323462,0.125125,,0.085844187
45,,-0.6713107,-0.01703721,-2.817187,-0.6783543,-0.01703721,-2.802082,-0.6650698,-0.01087165,-2.809877,,MediumOverlap(Clone) (UnityEngine.GameObject),,,,,,0.0786893,-0.01703721,0.032813,0.0716457,-0.01703721,0.047918,0.0849302,-0.01087165,0.040123,,0.086942311
96,,-0.8103131,-0.03015381,-2.795066,-0.8223021,-0.03015381,-2.806643,-0.8166082,-0.03843832,-2.77752,,MediumOverlap(Clone) (UnityEngine.GameObject),,,,,,-0.0603131,-0.03015381,0.054934,-0.0723021,-0.03015381,0.043357,-0.0666082,-0.03843832,0.07248,,0.086975092
69,,-0.8338656,-0.01703721,-2.833113,-0.829552,-0.01703721,-2.817015,-0.8380004,-0.02487969,-2.828758,,MediumOverlap(Clone) (UnityEngine.GameObject),,,,,,-0.0838656,-0.01703721,0.016887,-0.079552,-0.01703721,0.032985,-0.0880004,-0.02487969,0.021242,,0.087228872
60,,-0.7575672,-0.03015381,-2.768449,-0.7741705,-0.03015381,-2.769902,-0.7502445,-0.04262996,-2.75925,,MediumOverlap(Clone) (UnityEngine.GameObject),,,,,,-0.0075672,-0.03015381,0.081551,-0.0241705,-0.03015381,0.080098,-0.0002445,-0.04262996,0.09075,,0.087275887
59,,-0.6632288,-0.007596254,-2.857902,-0.6626471,-0.007596254,-2.841246,-0.6566395,-0.003964186,-2.854525,,MediumOverlap(Clone) (UnityEngine.GameObject),,,,,,0.0867712,-0.007596254,-0.007902,0.0873529,-0.007596254,0.008754,0.0933605,-0.003964186,-0.004525,,0.087460767
118,,-0.8368241,-0.01703721,-2.859195,-0.8368241,-0.01703721,-2.842529,-0.8258659,-0.01609182,-2.850604,,MediumOverlap(Clone) (UnityEngine.GameObject),,,,,,-0.0868241,-0.01703721,-0.009195,-0.0868241,-0.01703721,0.007471,-0.0758659,-0.01609182,-0.000604,,0.088956388
2,,-0.8305019,-0.03015381,-2.818223,-0.8367454,-0.03015381,-2.833676,-0.8230253,-0.03831077,-2.808848,,MediumOverlap(Clone) (UnityEngine.GameObject),,,,,,-0.0805019,-0.03015381,0.031777,-0.0867454,-0.03015381,0.016324,-0.0730253,-0.03831077,0.041152,,0.091649255
9,,-0.7469699,-0.03015381,-2.938058,-0.7303134,-0.03015381,-2.937476,-0.75689,-0.037606,-2.928476,,MediumOverlap(Clone) (UnityEngine.GameObject),,,,,,0.0030301,-0.03015381,-0.088058,0.0196866,-0.03015381,-0.087476,-0.00689,-0.037606,-0.078476,,0.093127038
86,,-0.7203044,-0.007596254,-2.938383,-0.7046429,-0.007596254,-2.932683,-0.7284127,0.01396465,-2.928519,,MediumOverlap(Clone) (UnityEngine.GameObject),,,,,,0.0296956,-0.007596254,-0.088383,0.0453571,-0.007596254,-0.082683,0.0215873,0.01396465,-0.078519,,0.093547242
168,,-0.829922,-0.01703721,-2.89676,-0.8364342,-0.01703721,-2.881418,-0.8351723,-0.01891017,-2.860533,,MediumOverlap(Clone) (UnityEngine.GameObject),,,,,,-0.079922,-0.01703721,-0.04676,-0.0864342,-0.01703721,-0.031418,-0.0851723,-0.01891017,-0.010533,,0.09415036
134,,-0.7972878,-0.01703721,-2.933209,-0.78331,-0.01703721,-2.942286,-0.7909301,-0.03130174,-2.906593,,MediumOverlap(Clone) (UnityEngine.GameObject),,,,,,-0.0472878,-0.01703721,-0.083209,-0.03331,-0.01703721,-0.092286,-0.0409301,-0.03130174,-0.056593,,0.097211832
110,,-0.726068,-0.007596254,-2.775127,-0.7116491,-0.007596254,-2.779262,-0.7245407,-0.02634645,-2.756213,,LargeOverlap(Clone) (UnityEngine.GameObject),,,,,,0.023932,-0.007596254,0.074873,0.0383509,-0.007596254,0.070738,0.0254593,-0.02634645,0.093787,,0.078970943
98,,-0.7665668,-0.007596254,-2.772432,-0.7518424,-0.007596254,-2.769569,-0.7817543,0.0107646,-2.749431,,LargeOverlap(Clone) (UnityEngine.GameObject),,,,,,-0.0165668,-0.007596254,0.077568,-0.0018424,-0.007596254,0.080431,-0.0317543,0.0107646,0.100569,,0.07968034
93,,-0.7001997,-0.007596254,-2.786177,-0.6879125,-0.007596254,-2.79478,-0.6970061,-0.01552796,-2.769215,,LargeOverlap(Clone) (UnityEngine.GameObject),,,,,,0.0498003,-0.007596254,0.063823,0.0620875,-0.007596254,0.05522,0.0529939,-0.01552796,0.080785,,0.081308968
111,,-0.7960098,-0.01703721,-2.785027,-0.8087305,-0.01703721,-2.792976,-0.7978112,-0.03407216,-2.761244,,LargeOverlap(Clone) (UnityEngine.GameObject),,,,,,-0.0460098,-0.01703721,0.064973,-0.0587305,-0.01703721,0.057024,-0.0478112,-0.03407216,0.088756,,0.081416577
77,,-0.7998003,-0.007596254,-2.785024,-0.787513,-0.007596254,-2.77642,-0.8215154,0.009266138,-2.766987,,LargeOverlap(Clone) (UnityEngine.GameObject),,,,,,-0.0498003,-0.007596254,0.064976,-0.037513,-0.007596254,0.07358,-0.0715154,0.009266138,0.083013,,0.082217112
75,,-0.6989661,-0.007596254,-2.785765,-0.7111014,-0.007596254,-2.776948,-0.6956667,-0.02492023,-2.773252,,LargeOverlap(Clone) (UnityEngine.GameObject),,,,,,0.0510339,-0.007596254,0.064235,0.0388986,-0.007596254,0.073052,0.0543333,-0.02492023,0.076748,,0.082391124
62,,-0.718885,-0.01703721,-2.774029,-0.7048813,-0.01703721,-2.779404,-0.7179513,-0.02331448,-2.756347,,LargeOverlap(Clone) (UnityEngine.GameObject),,,,,,0.031115,-0.01703721,0.075971,0.0451187,-0.01703721,0.070596,0.0320487,-0.02331448,0.093653,,0.083845111
38,,-0.815527,-0.007596254,-2.796435,-0.8253679,-0.007596254,-2.807755,-0.8211345,-0.0197041,-2.792638,,LargeOverlap(Clone) (UnityEngine.GameObject),,,,,,-0.065527,-0.007596254,0.053565,-0.0753679,-0.007596254,0.042245,-0.0711345,-0.0197041,0.057362,,0.084974702
94,,-0.8293178,-0.01703721,-2.822054,-0.8232167,-0.01703721,-2.808351,-0.8229223,-0.02929831,-2.804866,,LargeOverlap(Clone) (UnityEngine.GameObject),,,,,,-0.0793178,-0.01703721,0.027946,-0.0732167,-0.01703721,0.041649,-0.0729223,-0.02929831,0.045134,,0.085805354
165,,-0.8228168,-0.03015381,-2.815329,-0.8309864,-0.03015381,-2.827909,-0.8269124,-0.04586577,-2.785114,,LargeOverlap(Clone) (UnityEngine.GameObject),,,,,,-0.0728168,-0.03015381,0.034671,-0.0809864,-0.03015381,0.022091,-0.0769124,-0.04586577,0.064886,,0.086102363
39,,-0.8228168,-0.01703721,-2.806178,-0.8309864,-0.01703721,-2.818758,-0.8191807,-0.017205,-2.783974,,LargeOverlap(Clone) (UnityEngine.GameObject),,,,,,-0.0728168,-0.01703721,0.043822,-0.0809864,-0.01703721,0.031242,-0.0691807,-0.017205,0.066026,,0.086677105
78,,-0.8338656,-0.01703721,-2.833747,-0.8299834,-0.01703721,-2.819258,-0.8605878,0.009589434,-2.842399,,LargeOverlap(Clone) (UnityEngine.GameObject),,,,,,-0.0838656,-0.01703721,0.016253,-0.0799834,-0.01703721,0.030742,-0.1105878,0.009589434,0.007601,,0.087108354
57,,-0.6654012,-0.01703721,-2.835198,-0.6620269,-0.01703721,-2.849814,-0.6729869,-0.02321577,-2.826252,,LargeOverlap(Clone) (UnityEngine.GameObject),,,,,,0.0845988,-0.01703721,0.014802,0.0879731,-0.01703721,0.000186,0.0770131,-0.02321577,0.023748,,0.087557539
127,,-0.8363485,-0.01703721,-2.850795,-0.8347806,-0.01703721,-2.835877,-0.8368201,-0.02520037,-2.839071,,LargeOverlap(Clone) (UnityEngine.GameObject),,,,,,-0.0863485,-0.01703721,-0.000795,-0.0847806,-0.01703721,0.014123,-0.0868201,-0.02520037,0.010929,,0.088016828
105,,-0.8349268,-0.007596254,-2.876199,-0.8380455,-0.007596254,-2.861527,-0.8401927,-0.01647282,-2.867652,,LargeOverlap(Clone) (UnityEngine.GameObject),,,,,,-0.0849268,-0.007596254,-0.026199,-0.0880455,-0.007596254,-0.011527,-0.0901927,-0.01647282,-0.017652,,0.089200067
72,,-0.7275283,-0.01703721,-2.939666,-0.7420171,-0.01703721,-2.943548,-0.7277114,-0.01413012,-2.91962,,LargeOverlap(Clone) (UnityEngine.GameObject),,,,,,0.0224717,-0.01703721,-0.089666,0.0079829,-0.01703721,-0.093548,0.0222886,-0.01413012,-0.06962,,0.093995933
103,,-0.6834889,-0.03015381,-2.913822,-0.6738471,-0.03015381,-2.902331,-0.6980503,-0.02985334,-2.892183,,LargeOverlap(Clone) (UnityEngine.GameObject),,,,,,0.0665111,-0.03015381,-0.063822,0.0761529,-0.03015381,-0.052331,0.0519497,-0.02985334,-0.042183,,0.096985702
148,,-0.7960098,-0.01703721,-2.935034,-0.8087305,-0.01703721,-2.927085,-0.7904702,-0.02844644,-2.911242,,LargeOverlap(Clone) (UnityEngine.GameObject),,,,,,-0.0460098,-0.01703721,-0.085034,-0.0587305,-0.01703721,-0.077085,-0.0404702,-0.02844644,-0.061242,,0.098173058
177,,-0.7590756,-0.01703721,-2.94981,-0.7773085,-0.01703721,-2.947894,-0.7655359,-0.0306952,-2.915133,,SmallOverlap(Clone) (UnityEngine.GameObject),,,,,,-0.0090756,-0.01703721,-0.09981,-0.0273085,-0.01703721,-0.097894,-0.0155359,-0.0306952,-0.065133,,0.101659575
156,,-0.7119389,-0.03015381,-2.940031,-0.7284167,-0.03015381,-2.948067,-0.7036407,-0.03740382,-2.913709,,SmallOverlap(Clone) (UnityEngine.GameObject),,,,,,0.0380611,-0.03015381,-0.090031,0.0215833,-0.03015381,-0.098067,0.0463593,-0.03740382,-0.063709,,0.102291156
140,,-0.8147048,-0.01703721,-2.74874,-0.8305819,-0.01703721,-2.757907,-0.7960698,-0.02594018,-2.726404,,SmallOverlap(Clone) (UnityEngine.GameObject),,,,,,-0.0647048,-0.01703721,0.10126,-0.0805819,-0.01703721,0.092093,-0.0460698,-0.02594018,0.123596,,0.12136954
108,,-0.7791108,-0.007596254,-2.732272,-0.7612473,-0.007596254,-2.728148,-0.7777038,-0.02501154,-2.715071,,SmallOverlap(Clone) (UnityEngine.GameObject),,,,,,-0.0291108,-0.007596254,0.117728,-0.0112473,-0.007596254,0.121852,-0.0277038,-0.02501154,0.134929,,0.121511414
63,,-0.718693,-0.01703721,-2.729591,-0.7009043,-0.01703721,-2.734026,-0.7231364,-0.01683807,-2.728448,,SmallOverlap(Clone) (UnityEngine.GameObject),,,,,,0.031307,-0.01703721,0.120409,0.0490957,-0.01703721,0.115974,0.0268636,-0.01683807,0.121552,,0.125573572
125,,-0.6685599,-0.03015381,-2.759162,-0.6828076,-0.03015381,-2.747625,-0.6743083,-0.03630066,-2.739929,,SmallOverlap(Clone) (UnityEngine.GameObject),,,,,,0.0814401,-0.03015381,0.090838,0.0671924,-0.03015381,0.102375,0.0756917,-0.03630066,0.110071,,0.125671335
79,,-0.873755,-0.01703721,-2.818456,-0.8791151,-0.01703721,-2.835989,-0.8656819,-0.01119757,-2.81275,,SmallOverlap(Clone) (UnityEngine.GameObject),,,,,,-0.123755,-0.01703721,0.031544,-0.1291151,-0.01703721,0.014011,-0.1156819,-0.01119757,0.03725,,0.128843279
24,,-0.7856701,-0.03015381,-2.728025,-0.8032932,-0.03015381,-2.733079,-0.7825317,0.008357048,-2.705197,,SmallOverlap(Clone) (UnityEngine.GameObject),,,,,,-0.0356701,-0.03015381,0.121975,-0.0532932,-0.03015381,0.116921,-0.0325317,0.008357048,0.144803,,0.130612055
65,,-0.8743964,-0.03015381,-2.819635,-0.8794498,-0.03015381,-2.837258,-0.8585783,-0.03915572,-2.809353,,SmallOverlap(Clone) (UnityEngine.GameObject),,,,,,-0.1243964,-0.03015381,0.030365,-0.1294498,-0.03015381,0.012742,-0.1085783,-0.03915572,0.040647,,0.13155132
28,,-0.8005643,-0.007596254,-2.971821,-0.8174403,-0.007596254,-2.964657,-0.8062812,0.01138377,-2.978907,,SmallOverlap(Clone) (UnityEngine.GameObject),,,,,,-0.0505643,-0.007596254,-0.121821,-0.0674403,-0.007596254,-0.114657,-0.0562812,0.01138377,-0.128907,,0.132116644
92,,-0.8708142,-0.007596254,-2.903603,-0.8642441,-0.007596254,-2.920719,-0.8629746,-0.009078503,-2.876702,,SmallOverlap(Clone) (UnityEngine.GameObject),,,,,,-0.1208142,-0.007596254,-0.053603,-0.1142441,-0.007596254,-0.070719,-0.1129746,-0.009078503,-0.026702,,0.132389787
40,,-0.7432272,-0.007596254,-2.982768,-0.7615354,-0.007596254,-2.983727,-0.7445061,-0.0030303,-2.965025,,SmallOverlap(Clone) (UnityEngine.GameObject),,,,,,0.0067728,-0.007596254,-0.132768,-0.0115354,-0.007596254,-0.133727,0.0054939,-0.0030303,-0.115025,,0.133157485
58,,-0.8349003,-0.007596254,-2.952467,-0.821064,-0.007596254,-2.964495,-0.8484908,0.009101152,-2.936178,,SmallOverlap(Clone) (UnityEngine.GameObject),,,,,,-0.0849003,-0.007596254,-0.102467,-0.071064,-0.007596254,-0.114495,-0.0984908,0.009101152,-0.086178,,0.133286346
6,,-0.7078684,-0.03015381,-2.973428,-0.7252029,-0.03015381,-2.979397,-0.708752,0.01629305,-2.963315,,SmallOverlap(Clone) (UnityEngine.GameObject),,,,,,0.0421316,-0.03015381,-0.123428,0.0247971,-0.03015381,-0.129397,0.041248,0.01629305,-0.113315,,0.133861104
178,,-0.6276408,-0.007596254,-2.905662,-0.6336096,-0.007596254,-2.922997,-0.6115389,0.01527929,-2.870008,,SmallOverlap(Clone) (UnityEngine.GameObject),,,,,,0.1223592,-0.007596254,-0.055662,0.1163904,-0.007596254,-0.072997,0.1384611,0.01527929,-0.020008,,0.134639278
84,,-0.8365919,-0.007596254,-2.95282,-0.8229676,-0.007596254,-2.965087,-0.8505771,-0.002227783,-2.952353,,SmallOverlap(Clone) (UnityEngine.GameObject),,,,,,-0.0865919,-0.007596254,-0.10282,-0.0729676,-0.007596254,-0.115087,-0.1005771,-0.002227783,-0.102353,,0.134639566
81,,-0.7746925,-0.01703721,-2.983468,-0.792689,-0.01703721,-2.97997,-0.77176,-0.01660275,-2.965719,,SmallOverlap(Clone) (UnityEngine.GameObject),,,,,,-0.0246925,-0.01703721,-0.133468,-0.042689,-0.01703721,-0.12997,-0.02176,-0.01660275,-0.115719,,0.136798001
167,,-0.7100102,-0.007596254,-2.98584,-0.7274463,-0.007596254,-2.991505,-0.7163939,-0.0131824,-2.971591,,SmallOverlap(Clone) (UnityEngine.GameObject),,,,,,0.0399898,-0.007596254,-0.13584,0.0225537,-0.007596254,-0.141505,0.0336061,-0.0131824,-0.121591,,0.141807591
179,,-0.8103131,-0.01703721,-2.926058,-0.7983241,-0.01703721,-2.937635,-0.8089792,-0.02689505,-2.88695,,MediumOverlap(Clone) (UnityEngine.GameObject),,,,,,-0.0603131,-0.01703721,-0.076058,-0.0483241,-0.01703721,-0.087635,-0.0589792,-0.02689505,-0.03695,,0.098553315
106,,-0.7695312,-0.03015381,-2.942819,-0.7857707,-0.03015381,-2.93907,-0.7764054,-0.0428648,-2.924701,,MediumOverlap(Clone) (UnityEngine.GameObject),,,,,,-0.0195312,-0.03015381,-0.092819,-0.0357707,-0.03015381,-0.08907,-0.0264054,-0.0428648,-0.074701,,0.099529326
164,,-0.7379164,-0.007596254,-2.948525,-0.7544209,-0.007596254,-2.950845,-0.7410634,-0.01303697,-2.929389,,MediumOverlap(Clone) (UnityEngine.GameObject),,,,,,0.0120836,-0.007596254,-0.098525,-0.0044209,-0.007596254,-0.100845,0.0089366,-0.01303697,-0.079389,,0.099553463
172,,-0.7334332,-0.01703721,-2.94834,-0.7170727,-0.01703721,-2.94516,-0.7391669,-0.02102947,-2.923151,,MediumOverlap(Clone) (UnityEngine.GameObject),,,,,,0.0165668,-0.01703721,-0.09834,0.0329273,-0.01703721,-0.09516,0.0108331,-0.02102947,-0.073151,,0.101170554
152,,-0.6703275,-0.007596254,-2.759733,-0.657194,-0.007596254,-2.769994,-0.6692146,-0.02298427,-2.73336,,MediumOverlap(Clone) (UnityEngine.GameObject),,,,,,0.0796725,-0.007596254,0.090267,0.092806,-0.007596254,0.080006,0.0807854,-0.02298427,0.11664,,0.12063806
147,,-0.6466489,-0.007596254,-2.783453,-0.6366187,-0.007596254,-2.796764,-0.6420214,-0.0188756,-2.749776,,MediumOverlap(Clone) (UnityEngine.GameObject),,,,,,0.1033511,-0.007596254,0.066547,0.1133813,-0.007596254,0.053236,0.1079786,-0.0188756,0.100224,,0.123157039
138,,-0.6453055,-0.007596254,-2.784606,-0.655102,-0.007596254,-2.771123,-0.6523926,-0.01898074,-2.775382,,MediumOverlap(Clone) (UnityEngine.GameObject),,,,,,0.1046945,-0.007596254,0.065394,0.094898,-0.007596254,0.078877,0.0976074,-0.01898074,0.074618,,0.123673023
173,,-0.8476666,-0.03015381,-2.77828,-0.8586009,-0.03015381,-2.790858,-0.8375163,-0.01177406,-2.721122,,MediumOverlap(Clone) (UnityEngine.GameObject),,,,,,-0.0976666,-0.03015381,0.07172,-0.1086009,-0.03015381,0.059142,-0.0875163,-0.01177406,0.128878,,0.124867031
180,,-0.8682215,-0.01703721,-2.811037,-0.8614426,-0.01703721,-2.795812,-0.8601407,-0.02854848,-2.791355,,MediumOverlap(Clone) (UnityEngine.GameObject),,,,,,-0.1182215,-0.01703721,0.038963,-0.1114426,-0.01703721,0.054188,-0.1101407,-0.02854848,0.058645,,0.125637196
64,,-0.7942607,-0.01703721,-2.733631,-0.7785991,-0.01703721,-2.727931,-0.8127136,0.003486395,-2.729906,,MediumOverlap(Clone) (UnityEngine.GameObject),,,,,,-0.0442607,-0.01703721,0.116369,-0.0285991,-0.01703721,0.122069,-0.0627136,0.003486395,0.120094,,0.125662326
51,,-0.8533511,-0.007596254,-2.776423,-0.8433208,-0.007596254,-2.763113,-0.875968,0.002119303,-2.752213,,MediumOverlap(Clone) (UnityEngine.GameObject),,,,,,-0.1033511,-0.007596254,0.073577,-0.0933208,-0.007596254,0.086887,-0.125968,0.002119303,0.097787,,0.127093382
70,,-0.7121643,-0.03015381,-2.731906,-0.6962259,-0.03015381,-2.736779,-0.7208152,-0.02799106,-2.729306,,MediumOverlap(Clone) (UnityEngine.GameObject),,,,,,0.0378357,-0.03015381,0.118094,0.0537741,-0.03015381,0.113221,0.0291848,-0.02799106,0.120694,,0.127620474
114,,-0.641468,-0.03015381,-2.788399,-0.6323907,-0.03015381,-2.802377,-0.6312124,0.005801678,-2.769698,,MediumOverlap(Clone) (UnityEngine.GameObject),,,,,,0.108532,-0.03015381,0.061601,0.1176093,-0.03015381,0.047623,0.1187876,0.005801678,0.080302,,0.128386644
19,,-0.6776351,-0.01703721,-2.744726,-0.6638178,-0.01703721,-2.754046,-0.6897938,-0.02047086,-2.741758,,MediumOverlap(Clone) (UnityEngine.GameObject),,,,,,0.0723649,-0.01703721,0.105274,0.0861822,-0.01703721,0.095954,0.0602062,-0.02047086,0.108242,,0.128878083
46,,-0.7590271,-0.03015381,-2.724854,-0.7756532,-0.03015381,-2.726016,-0.756529,-0.0293107,-2.724164,,MediumOverlap(Clone) (UnityEngine.GameObject),,,,,,-0.0090271,-0.03015381,0.125146,-0.0256532,-0.03015381,0.123984,-0.006529,-0.0293107,0.125836,,0.129043644
27,,-0.8572854,-0.01703721,-2.780265,-0.8666053,-0.01703721,-2.794083,-0.8506998,-0.01988101,-2.760139,,MediumOverlap(Clone) (UnityEngine.GameObject),,,,,,-0.1072854,-0.01703721,0.069735,-0.1166053,-0.01703721,0.055917,-0.1006998,-0.01988101,0.089861,,0.129086769
175,,-0.8787006,-0.01703721,-2.849794,-0.8804427,-0.01703721,-2.866369,-0.8666397,-0.02655602,-2.821278,,MediumOverlap(Clone) (UnityEngine.GameObject),,,,,,-0.1287006,-0.01703721,0.000206,-0.1304427,-0.01703721,-0.016369,-0.1166397,-0.02655602,0.028722,,0.129823547
169,,-0.6206102,-0.007596254,-2.860647,-0.620901,-0.007596254,-2.843983,-0.6181949,-0.000533104,-2.853274,,MediumOverlap(Clone) (UnityEngine.GameObject),,,,,,0.1293898,-0.007596254,-0.010647,0.129099,-0.007596254,0.006017,0.1318051,-0.000533104,-0.003274,,0.130049152
123,,-0.8743964,-0.007596254,-2.895247,-0.8698025,-0.007596254,-2.911268,-0.8838201,-0.01293278,-2.868995,,MediumOverlap(Clone) (UnityEngine.GameObject),,,,,,-0.1243964,-0.007596254,-0.045247,-0.1198025,-0.007596254,-0.061268,-0.1338201,-0.01293278,-0.018995,,0.13258755
16,,-0.626245,-0.03015381,-2.889628,-0.6213722,-0.03015381,-2.87369,-0.613916,-0.02559566,-2.890807,,MediumOverlap(Clone) (UnityEngine.GameObject),,,,,,0.123755,-0.03015381,-0.039628,0.1286278,-0.03015381,-0.02369,0.136084,-0.02559566,-0.040807,,0.133397641
162,,-0.8793898,-0.03015381,-2.864664,-0.8796807,-0.03015381,-2.848,-0.8621829,-0.04010963,-2.842698,,MediumOverlap(Clone) (UnityEngine.GameObject),,,,,,-0.1293898,-0.03015381,-0.014664,-0.1296807,-0.03015381,0.002,-0.1121829,-0.04010963,0.007302,,0.133663778
73,,-0.6480239,-0.01703721,-2.935542,-0.6377629,-0.01703721,-2.922409,-0.6454971,-0.02862763,-2.918469,,MediumOverlap(Clone) (UnityEngine.GameObject),,,,,,0.1019761,-0.01703721,-0.085542,0.1122371,-0.01703721,-0.072409,0.1045029,-0.02862763,-0.068469,,0.134189512
95,,-0.8278806,-0.007596254,-2.960802,-0.81457,-0.007596254,-2.970832,-0.8256779,-0.01749635,-2.940802,,MediumOverlap(Clone) (UnityEngine.GameObject),,,,,,-0.0778806,-0.007596254,-0.110802,-0.06457,-0.007596254,-0.120832,-0.0756779,-0.01749635,-0.090802,,0.135647242
141,,-0.8760928,-0.03015381,-2.889993,-0.8723436,-0.03015381,-2.906233,-0.8717513,-0.03269386,-2.856271,,MediumOverlap(Clone) (UnityEngine.GameObject),,,,,,-0.1260928,-0.03015381,-0.039993,-0.1223436,-0.03015381,-0.056233,-0.1217513,-0.03269386,-0.006271,,0.135676404
112,,-0.8642619,-0.03015381,-2.919489,-0.8564373,-0.03015381,-2.934205,-0.8558024,-0.0253098,-2.898449,,MediumOverlap(Clone) (UnityEngine.GameObject),,,,,,-0.1142619,-0.03015381,-0.069489,-0.1064373,-0.03015381,-0.084205,-0.1058024,-0.0253098,-0.048449,,0.137090318
154,,-0.7253075,-0.01703721,-2.988885,-0.7089471,-0.01703721,-2.985705,-0.7337618,-0.02557802,-2.969509,,MediumOverlap(Clone) (UnityEngine.GameObject),,,,,,0.0246925,-0.01703721,-0.138885,0.0410529,-0.01703721,-0.135705,0.0162382,-0.02557802,-0.119509,,0.142088104
176,,-0.7942607,-0.007596254,-2.741786,-0.808356,-0.007596254,-2.746917,-0.788317,-0.02890849,-2.711935,,LargeOverlap(Clone) (UnityEngine.GameObject),,,,,,-0.0442607,-0.007596254,0.108214,-0.058356,-0.007596254,0.103083,-0.038317,-0.02890849,0.138065,,0.117162206
80,,-0.6685599,-0.01703721,-2.755792,-0.6569027,-0.01703721,-2.765232,-0.6776698,0.002780676,-2.730273,,LargeOverlap(Clone) (UnityEngine.GameObject),,,,,,0.0814401,-0.01703721,0.094208,0.0930973,-0.01703721,0.084768,0.0723302,0.002780676,0.119727,,0.125689712
82,,-0.6994357,-0.03015381,-2.737383,-0.6856281,-0.03015381,-2.743244,-0.706996,-0.04568076,-2.724702,,LargeOverlap(Clone) (UnityEngine.GameObject),,,,,,0.0505643,-0.03015381,0.112617,0.0643719,-0.03015381,0.106756,0.043004,-0.04568076,0.125298,,0.1270771
20,,-0.6601046,-0.007596254,-2.759003,-0.6708947,-0.007596254,-2.748583,-0.65088,0.009162188,-2.762598,,LargeOverlap(Clone) (UnityEngine.GameObject),,,,,,0.0898954,-0.007596254,0.090997,0.0791053,-0.007596254,0.101417,0.09912,0.009162188,0.087402,,0.128137973
11,,-0.75,-0.007596254,-2.722023,-0.765,-0.007596254,-2.722023,-0.7492906,-0.01918793,-2.71526,,LargeOverlap(Clone) (UnityEngine.GameObject),,,,,,0,-0.007596254,0.127977,-0.015,-0.007596254,0.127977,0.0007094,-0.01918793,0.13474,,0.128202245
48,,-0.7702441,-0.03015381,-2.72627,-0.7554288,-0.03015381,-2.723924,-0.7627936,-0.04202414,-2.715047,,LargeOverlap(Clone) (UnityEngine.GameObject),,,,,,-0.0202441,-0.03015381,0.12373,-0.0054288,-0.03015381,0.126076,-0.0127936,-0.04202414,0.134953,,0.128950334
155,,-0.8793898,-0.007596254,-2.864182,-0.879128,-0.007596254,-2.87918,-0.8800491,-0.01778841,-2.840746,,LargeOverlap(Clone) (UnityEngine.GameObject),,,,,,-0.1293898,-0.007596254,-0.014182,-0.129128,-0.007596254,-0.02918,-0.1300491,-0.01778841,0.009254,,0.130386167
4,,-0.8107541,-0.03015381,-2.736665,-0.7975099,-0.03015381,-2.729623,-0.8168322,-0.03846574,-2.730255,,LargeOverlap(Clone) (UnityEngine.GameObject),,,,,,-0.0607541,-0.03015381,0.113335,-0.0475099,-0.03015381,0.120377,-0.0668322,-0.03846574,0.119745,,0.132080033
34,,-0.8533511,-0.01703721,-2.931001,-0.8443238,-0.01703721,-2.942981,-0.8525441,-0.01689649,-2.911055,,LargeOverlap(Clone) (UnityEngine.GameObject),,,,,,-0.1033511,-0.01703721,-0.081001,-0.0943238,-0.01703721,-0.092981,-0.1025441,-0.01689649,-0.061055,,0.132411776
35,,-0.7680103,-0.007596254,-2.98134,-0.7531563,-0.007596254,-2.983427,-0.7843843,0.01564932,-2.966943,,LargeOverlap(Clone) (UnityEngine.GameObject),,,,,,-0.0180103,-0.007596254,-0.13134,-0.0031563,-0.007596254,-0.133427,-0.0343843,0.01564932,-0.116943,,0.132786556
74,,-0.641468,-0.007596254,-2.926419,-0.6332985,-0.007596254,-2.913839,-0.6605858,0.008821011,-2.9282,,LargeOverlap(Clone) (UnityEngine.GameObject),,,,,,0.108532,-0.007596254,-0.076419,0.1167015,-0.007596254,-0.063839,0.0894142,0.008821011,-0.0782,,0.132953983
119,,-0.6206102,-0.03015381,-2.857018,-0.6203484,-0.03015381,-2.872015,-0.6294254,-0.03382754,-2.83356,,LargeOverlap(Clone) (UnityEngine.GameObject),,,,,,0.1293898,-0.03015381,-0.007018,0.1296516,-0.03015381,-0.022015,0.1205746,-0.03382754,0.01644,,0.133042192
54,,-0.6300136,-0.03015381,-2.90299,-0.6243945,-0.03015381,-2.889083,-0.622402,-0.03662729,-2.897319,,LargeOverlap(Clone) (UnityEngine.GameObject),,,,,,0.1199864,-0.03015381,-0.05299,0.1256055,-0.03015381,-0.039083,0.127598,-0.03662729,-0.047319,,0.134587996
135,,-0.6494299,-0.03015381,-2.941903,-0.6399901,-0.03015381,-2.930245,-0.6640742,-0.02800703,-2.917215,,LargeOverlap(Clone) (UnityEngine.GameObject),,,,,,0.1005701,-0.03015381,-0.091903,0.1100099,-0.03015381,-0.080245,0.0859258,-0.02800703,-0.067215,,0.139534077
128,,-0.8382571,-0.03015381,-2.954587,-0.8492274,-0.03015381,-2.944357,-0.8397502,0.007330179,-2.926073,,LargeOverlap(Clone) (UnityEngine.GameObject),,,,,,-0.0882571,-0.03015381,-0.104587,-0.0992274,-0.03015381,-0.094357,-0.0897502,0.007330179,-0.076073,,0.140132111
130,,-0.7208892,-0.03015381,-2.986188,-0.7062736,-0.03015381,-2.982813,-0.7328181,-0.02823472,-2.963658,,LargeOverlap(Clone) (UnityEngine.GameObject),,,,,,0.0291108,-0.03015381,-0.136188,0.0437264,-0.03015381,-0.132813,0.0171819,-0.02823472,-0.113658,,0.142491622
158,,-0.6378073,-0.01703721,-2.733065,-0.6516436,-0.01703721,-2.721037,-0.639087,0.01648355,-2.690891,,SmallOverlap(Clone) (UnityEngine.GameObject),,,,,,0.1121927,-0.01703721,0.116935,0.0983564,-0.01703721,0.128963,0.110913,0.01648355,0.159109,,0.162945582
104,,-0.8112845,-0.007596254,-2.698428,-0.7941689,-0.007596254,-2.691858,-0.8040865,-0.02673483,-2.688174,,SmallOverlap(Clone) (UnityEngine.GameObject),,,,,,-0.0612845,-0.007596254,0.151572,-0.0441689,-0.007596254,0.158142,-0.0540865,-0.02673483,0.161826,,0.163669069
120,,-0.785555,-0.03015381,-2.692077,-0.7676223,-0.03015381,-2.688265,-0.7749255,-0.04550338,-2.68071,,SmallOverlap(Clone) (UnityEngine.GameObject),,,,,,-0.035555,-0.03015381,0.157923,-0.0176223,-0.03015381,0.161735,-0.0249255,-0.04550338,0.16929,,0.164660512
129,,-0.6152422,-0.01703721,-2.754737,-0.6039551,-0.01703721,-2.769184,-0.6035693,-0.02169776,-2.709596,,SmallOverlap(Clone) (UnityEngine.GameObject),,,,,,0.1347578,-0.01703721,0.095263,0.1460449,-0.01703721,0.080816,0.1464307,-0.02169776,0.140404,,0.165906511
100,,-0.6859385,-0.03015381,-2.699246,-0.7029368,-0.03015381,-2.692378,-0.6858526,-0.02430964,-2.689318,,SmallOverlap(Clone) (UnityEngine.GameObject),,,,,,0.0640615,-0.03015381,0.150754,0.0470632,-0.03015381,0.157622,0.0641474,-0.02430964,0.160682,,0.166552984
22,,-0.714445,-0.007596254,-2.684968,-0.6965123,-0.007596254,-2.68878,-0.7258346,0.002619982,-2.690445,,SmallOverlap(Clone) (UnityEngine.GameObject),,,,,,0.035555,-0.007596254,0.165032,0.0534877,-0.007596254,0.16122,0.0241654,0.002619982,0.159555,,0.168989414
33,,-0.6887155,-0.01703721,-2.693402,-0.6715998,-0.01703721,-2.699972,-0.6959797,-0.02807474,-2.691985,,SmallOverlap(Clone) (UnityEngine.GameObject),,,,,,0.0612845,-0.01703721,0.156598,0.0784002,-0.01703721,0.150028,0.0540203,-0.02807474,0.158015,,0.169023638
26,,-0.8770853,-0.01703721,-2.738132,-0.8648179,-0.01703721,-2.724508,-0.8694478,-0.02549338,-2.735332,,SmallOverlap(Clone) (UnityEngine.GameObject),,,,,,-0.1270853,-0.01703721,0.111868,-0.1148179,-0.01703721,0.125492,-0.1194478,-0.02549338,0.114668,,0.170162832
117,,-0.9197354,-0.007596254,-2.838279,-0.9219697,-0.007596254,-2.856476,-0.9171293,-0.02116466,-2.831274,,SmallOverlap(Clone) (UnityEngine.GameObject),,,,,,-0.1697354,-0.007596254,0.011721,-0.1719697,-0.007596254,-0.006476,-0.1671293,-0.02116466,0.018726,,0.170309104
44,,-0.5796407,-0.007596254,-2.838908,-0.5812386,-0.007596254,-2.820644,-0.5725421,-0.01231456,-2.830165,,SmallOverlap(Clone) (UnityEngine.GameObject),,,,,,0.1703593,-0.007596254,0.011092,0.1687614,-0.007596254,0.029356,0.1774579,-0.01231456,0.019835,,0.170888931
14,,-0.6943246,-0.007596254,-3.013342,-0.67699,-0.007596254,-3.007374,-0.6991521,-0.002238512,-2.996235,,SmallOverlap(Clone) (UnityEngine.GameObject),,,,,,0.0556754,-0.007596254,-0.163342,0.07301,-0.007596254,-0.157374,0.0508479,-0.002238512,-0.146235,,0.172736974
31,,-0.9135377,-0.03015381,-2.802916,-0.9081776,-0.03015381,-2.785384,-0.9053219,0.000825167,-2.814348,,SmallOverlap(Clone) (UnityEngine.GameObject),,,,,,-0.1635377,-0.03015381,0.047084,-0.1581776,-0.03015381,0.064616,-0.1553219,0.000825167,0.035652,,0.172831521
32,,-0.5802646,-0.03015381,-2.873827,-0.5780303,-0.03015381,-2.85563,-0.585111,-9.49E-05,-2.877111,,SmallOverlap(Clone) (UnityEngine.GameObject),,,,,,0.1697354,-0.03015381,-0.023827,0.1719697,-0.03015381,-0.00563,0.164889,-9.48906E-05,-0.027111,,0.174031848
71,,-0.6116499,-0.007596254,-2.956248,-0.622426,-0.007596254,-2.97108,-0.6164333,0.009166956,-2.9351,,SmallOverlap(Clone) (UnityEngine.GameObject),,,,,,0.1383501,-0.007596254,-0.106248,0.127574,-0.007596254,-0.12108,0.1335667,0.009166956,-0.0851,,0.174605529
17,,-0.7796956,-0.03015381,-3.020275,-0.7616408,-0.03015381,-3.023458,-0.7808465,-0.03452635,-3.028067,,SmallOverlap(Clone) (UnityEngine.GameObject),,,,,,-0.0296956,-0.03015381,-0.170275,-0.0116408,-0.03015381,-0.173458,-0.0308465,-0.03452635,-0.178067,,0.175455569
174,,-0.5903484,-0.01703721,-2.924538,-0.5969185,-0.01703721,-2.941653,-0.594954,-0.02451968,-2.905601,,SmallOverlap(Clone) (UnityEngine.GameObject),,,,,,0.1596516,-0.01703721,-0.074538,0.1530815,-0.01703721,-0.091653,0.155046,-0.02451968,-0.055601,,0.177016421
83,,-0.8480873,-0.01703721,-2.996657,-0.8631051,-0.01703721,-2.986141,-0.846035,0.005576372,-2.955591,,SmallOverlap(Clone) (UnityEngine.GameObject),,,,,,-0.0980873,-0.01703721,-0.146657,-0.1131051,-0.01703721,-0.136141,-0.096035,0.005576372,-0.105591,,0.177255918
97,,-0.6494828,-0.007596254,-2.99594,-0.6346509,-0.007596254,-2.985164,-0.65856,0.000807524,-2.965372,,SmallOverlap(Clone) (UnityEngine.GameObject),,,,,,0.1005172,-0.007596254,-0.14594,0.1153491,-0.007596254,-0.135164,0.09144,0.000807524,-0.115372,,0.177369372
49,,-0.7796956,-0.03015381,-3.022576,-0.7977504,-0.03015381,-3.019392,-0.7876807,0.001311779,-3.003229,,SmallOverlap(Clone) (UnityEngine.GameObject),,,,,,-0.0296956,-0.03015381,-0.172576,-0.0477504,-0.03015381,-0.169392,-0.0376807,0.001311779,-0.153229,,0.177689495
171,,-0.620937,-0.007596254,-2.975234,-0.6329648,-0.007596254,-2.98907,-0.6017917,-0.008065701,-2.965933,,SmallOverlap(Clone) (UnityEngine.GameObject),,,,,,0.129063,-0.007596254,-0.125234,0.1170352,-0.007596254,-0.13907,0.1482083,-0.008065701,-0.115933,,0.179995877
133,,-0.7649045,-0.007596254,-3.03068,-0.7831681,-0.007596254,-3.029082,-0.7749075,-0.003637075,-2.996957,,SmallOverlap(Clone) (UnityEngine.GameObject),,,,,,-0.0149045,-0.007596254,-0.18068,-0.0331681,-0.007596254,-0.179082,-0.0249075,-0.003637075,-0.146957,,0.181452775
159,,-0.6776351,-0.03015381,-2.969485,-0.6638178,-0.03015381,-2.960165,-0.6741717,0.02266121,-2.946424,,MediumOverlap(Clone) (UnityEngine.GameObject),,,,,,0.0723649,-0.03015381,-0.119485,0.0861822,-0.03015381,-0.110165,0.0758283,0.02266121,-0.096424,,0.142907649
149,,-0.7942607,-0.03015381,-2.983094,-0.8099222,-0.03015381,-2.977394,-0.786027,-0.03253627,-2.952559,,MediumOverlap(Clone) (UnityEngine.GameObject),,,,,,-0.0442607,-0.03015381,-0.133094,-0.0599222,-0.03015381,-0.127394,-0.036027,-0.03253627,-0.102559,,0.143465239
101,,-0.697155,-0.007596254,-2.695233,-0.681304,-0.007596254,-2.700383,-0.695924,-0.02897191,-2.68016,,MediumOverlap(Clone) (UnityEngine.GameObject),,,,,,0.052845,-0.007596254,0.154767,0.068696,-0.007596254,0.149617,0.054076,-0.02897191,0.16984,,0.163716589
146,,-0.8770853,-0.01703721,-2.746835,-0.8882375,-0.01703721,-2.759221,-0.8771703,-0.0229342,-2.698198,,MediumOverlap(Clone) (UnityEngine.GameObject),,,,,,-0.1270853,-0.01703721,0.103165,-0.1382375,-0.01703721,0.090779,-0.1271703,-0.0229342,0.151802,,0.164572043
142,,-0.9197354,-0.007596254,-2.840112,-0.9177042,-0.007596254,-2.823569,-0.9181783,-0.02824759,-2.82031,,MediumOverlap(Clone) (UnityEngine.GameObject),,,,,,-0.1697354,-0.007596254,0.009888,-0.1677042,-0.007596254,0.026431,-0.1681783,-0.02824759,0.02969,,0.170192778
25,,-0.6470836,-0.03015381,-2.715917,-0.633773,-0.03015381,-2.725947,-0.6785693,0.00155592,-2.702499,,MediumOverlap(Clone) (UnityEngine.GameObject),,,,,,0.1029164,-0.03015381,0.134083,0.116227,-0.03015381,0.124053,0.0714307,0.00155592,0.147501,,0.171695336
8,,-0.9009929,-0.007596254,-2.931494,-0.9088175,-0.007596254,-2.916779,-0.8928366,-0.01378942,-2.93835,,MediumOverlap(Clone) (UnityEngine.GameObject),,,,,,-0.1509929,-0.007596254,-0.081494,-0.1588175,-0.007596254,-0.066779,-0.1428366,-0.01378942,-0.08835,,0.171749326
126,,-0.5792243,-0.007596254,-2.868751,-0.5800965,-0.007596254,-2.885395,-0.587826,-0.01282859,-2.8428,,MediumOverlap(Clone) (UnityEngine.GameObject),,,,,,0.1707757,-0.007596254,-0.018751,0.1699035,-0.007596254,-0.035395,0.162174,-0.01282859,0.0072,,0.171969889
90,,-0.5833729,-0.007596254,-2.895556,-0.5796237,-0.007596254,-2.879317,-0.5907326,0.003373146,-2.888891,,MediumOverlap(Clone) (UnityEngine.GameObject),,,,,,0.1666271,-0.007596254,-0.045556,0.1703763,-0.007596254,-0.029317,0.1592674,0.003373146,-0.038891,,0.172909348
18,,-0.6065789,-0.01703721,-2.945081,-0.6156562,-0.01703721,-2.959059,-0.5975419,-0.01956844,-2.94242,,MediumOverlap(Clone) (UnityEngine.GameObject),,,,,,0.1434211,-0.01703721,-0.095081,0.1343438,-0.01703721,-0.109059,0.1524581,-0.01956844,-0.09242,,0.17291696
115,,-0.9207757,-0.03015381,-2.850002,-0.9199035,-0.03015381,-2.833358,-0.9040787,-0.03006148,-2.840602,,MediumOverlap(Clone) (UnityEngine.GameObject),,,,,,-0.1707757,-0.03015381,-2E-06,-0.1699035,-0.03015381,0.016642,-0.1540787,-0.03006148,0.009398,,0.173417392
56,,-0.6593784,-0.007596254,-2.999679,-0.6735125,-0.007596254,-3.008511,-0.6565681,-0.01233196,-2.990284,,MediumOverlap(Clone) (UnityEngine.GameObject),,,,,,0.0906216,-0.007596254,-0.149679,0.0764875,-0.007596254,-0.158511,0.0934319,-0.01233196,-0.140284,,0.175139317
121,,-0.6004312,-0.007596254,-2.942341,-0.592351,-0.007596254,-2.927764,-0.6139328,-0.01307654,-2.917767,,MediumOverlap(Clone) (UnityEngine.GameObject),,,,,,0.1495688,-0.007596254,-0.092341,0.157649,-0.007596254,-0.077764,0.1360672,-0.01307654,-0.067767,,0.175941437
136,,-0.9074156,-0.03015381,-2.92735,-0.9139278,-0.03015381,-2.912008,-0.8898534,-0.03364754,-2.900867,,MediumOverlap(Clone) (UnityEngine.GameObject),,,,,,-0.1574156,-0.03015381,-0.07735,-0.1639278,-0.03015381,-0.062008,-0.1398534,-0.03364754,-0.050867,,0.177966137
107,,-0.6777281,-0.01703721,-3.013278,-0.6626229,-0.01703721,-3.006234,-0.6889133,-0.008597136,-2.993371,,MediumOverlap(Clone) (UnityEngine.GameObject),,,,,,0.0722719,-0.01703721,-0.163278,0.0873771,-0.01703721,-0.156234,0.0610867,-0.008597136,-0.143371,,0.179368892
150,,-0.8644281,-0.007596254,-2.734474,-0.8532809,-0.007596254,-2.724437,-0.8693616,-0.0191884,-2.7053,,LargeOverlap(Clone) (UnityEngine.GameObject),,,,,,-0.1144281,-0.007596254,0.115526,-0.1032809,-0.007596254,0.125563,-0.1193616,-0.0191884,0.1447,,0.162781294
50,,-0.8406215,-0.01703721,-2.709208,-0.8279008,-0.01703721,-2.701259,-0.8569832,-0.00823307,-2.715725,,LargeOverlap(Clone) (UnityEngine.GameObject),,,,,,-0.0906215,-0.01703721,0.140792,-0.0779008,-0.01703721,0.148741,-0.1069832,-0.00823307,0.134275,,0.16830006
37,,-0.6269857,-0.007596254,-2.734534,-0.6165658,-0.007596254,-2.745324,-0.6323053,0.006160498,-2.734627,,LargeOverlap(Clone) (UnityEngine.GameObject),,,,,,0.1230143,-0.007596254,0.115466,0.1334342,-0.007596254,0.104676,0.1176947,0.006160498,0.115373,,0.168886406
144,,-0.9037029,-0.03015381,-2.786156,-0.8971273,-0.03015381,-2.772674,-0.9001482,-0.01442862,-2.762091,,LargeOverlap(Clone) (UnityEngine.GameObject),,,,,,-0.1537029,-0.03015381,0.063844,-0.1471273,-0.03015381,0.077326,-0.1501482,-0.01442862,0.087909,,0.169144583
163,,-0.5821319,-0.007596254,-2.829844,-0.5792697,-0.007596254,-2.844569,-0.5953935,-0.01602411,-2.824949,,LargeOverlap(Clone) (UnityEngine.GameObject),,,,,,0.1678681,-0.007596254,0.020156,0.1707303,-0.007596254,0.005431,0.1546065,-0.01602411,0.025051,,0.169244398
61,,-0.9106969,-0.007596254,-2.796525,-0.9158272,-0.007596254,-2.810621,-0.9195531,-0.01623631,-2.794651,,LargeOverlap(Clone) (UnityEngine.GameObject),,,,,,-0.1606969,-0.007596254,0.053475,-0.1658272,-0.007596254,0.039379,-0.1695531,-0.01623631,0.055349,,0.169531037
55,,-0.8480874,-0.03015381,-2.714499,-0.8358001,-0.03015381,-2.705895,-0.8836454,-0.01618075,-2.694501,,LargeOverlap(Clone) (UnityEngine.GameObject),,,,,,-0.0980874,-0.03015381,0.135501,-0.0858001,-0.03015381,0.144105,-0.1336454,-0.01618075,0.155499,,0.169973266
166,,-0.9193458,-0.01703721,-2.838892,-0.9172582,-0.01703721,-2.824038,-0.9101112,-0.004936934,-2.828429,,LargeOverlap(Clone) (UnityEngine.GameObject),,,,,,-0.1693458,-0.01703721,0.011108,-0.1672582,-0.01703721,0.025962,-0.1601112,-0.004936934,0.021571,,0.170562757
113,,-0.5810953,-0.01703721,-2.832057,-0.5834419,-0.01703721,-2.817241,-0.5980361,-0.01942873,-2.8119,,LargeOverlap(Clone) (UnityEngine.GameObject),,,,,,0.1689047,-0.01703721,0.017943,0.1665581,-0.01703721,0.032759,0.1519639,-0.01942873,0.0381,,0.170707397
5,,-0.74105,-0.01703721,-2.680222,-0.7560294,-0.01703721,-2.679436,-0.7322723,-0.02547646,-2.685149,,LargeOverlap(Clone) (UnityEngine.GameObject),,,,,,0.00895,-0.01703721,0.169778,-0.0060294,-0.01703721,0.170564,0.0177277,-0.02547646,0.164851,,0.170865264
3,,-0.6619233,-0.01703721,-2.997437,-0.6490659,-0.01703721,-2.989712,-0.6743792,0.004981518,-2.976768,,LargeOverlap(Clone) (UnityEngine.GameObject),,,,,,0.0880767,-0.01703721,-0.147437,0.1009341,-0.01703721,-0.139712,0.0756208,0.004981518,-0.126768,,0.17258459
47,,-0.9159303,-0.01703721,-2.895387,-0.9123015,-0.01703721,-2.909942,-0.9003391,-0.02234697,-2.881761,,LargeOverlap(Clone) (UnityEngine.GameObject),,,,,,-0.1659303,-0.01703721,-0.045387,-0.1623015,-0.01703721,-0.059942,-0.1503391,-0.02234697,-0.031761,,0.172867321
7,,-0.6134253,-0.03015381,-2.748223,-0.6224525,-0.03015381,-2.736244,-0.5870311,-0.005536079,-2.746475,,LargeOverlap(Clone) (UnityEngine.GameObject),,,,,,0.1365747,-0.03015381,0.101777,0.1275475,-0.03015381,0.113756,0.1629689,-0.005536079,0.103525,,0.172975312
10,,-0.8222719,-0.01703721,-3.006346,-0.8358666,-0.01703721,-3.000007,-0.8204899,-0.026824,-3.003415,,LargeOverlap(Clone) (UnityEngine.GameObject),,,,,,-0.0722719,-0.01703721,-0.156346,-0.0858666,-0.01703721,-0.150007,-0.0704899,-0.026824,-0.153415,,0.17308254
43,,-0.5810953,-0.03015381,-2.826992,-0.5834419,-0.03015381,-2.812177,-0.5734665,0.004431725,-2.826069,,LargeOverlap(Clone) (UnityEngine.GameObject),,,,,,0.1689047,-0.03015381,0.023008,0.1665581,-0.03015381,0.037823,0.1765335,0.004431725,0.023931,,0.173110999
42,,-0.5792243,-0.03015381,-2.844725,-0.5784392,-0.03015381,-2.859704,-0.5720053,-0.005476952,-2.817229,,LargeOverlap(Clone) (UnityEngine.GameObject),,,,,,0.1707757,-0.03015381,0.005275,0.1715608,-0.03015381,-0.009704,0.1779947,-0.005476952,0.032771,,0.173497601
132,,-0.5802646,-0.03015381,-2.881089,-0.5820926,-0.03015381,-2.895977,-0.5873642,-0.02587819,-2.856363,,LargeOverlap(Clone) (UnityEngine.GameObject),,,,,,0.1697354,-0.03015381,-0.031089,0.1679074,-0.03015381,-0.045977,0.1626358,-0.02587819,-0.006363,,0.175173868
157,,-0.5799267,-0.03015381,-2.879936,-0.5814946,-0.03015381,-2.894854,-0.6100824,0.008285999,-2.858445,,LargeOverlap(Clone) (UnityEngine.GameObject),,,,,,0.1700733,-0.03015381,-0.029936,0.1685054,-0.03015381,-0.044854,0.1399176,0.008285999,-0.008445,,0.175300724
66,,-0.7262,-0.007596254,-3.024721,-0.741054,-0.007596254,-3.026809,-0.7212362,-0.003979921,-3.003488,,LargeOverlap(Clone) (UnityEngine.GameObject),,,,,,0.0238,-0.007596254,-0.174721,0.008946,-0.007596254,-0.176809,0.0287638,-0.003979921,-0.153488,,0.176498076
116,,-0.9116932,-0.03015381,-2.914704,-0.9165767,-0.03015381,-2.900522,-0.918118,-0.04361582,-2.896217,,LargeOverlap(Clone) (UnityEngine.GameObject),,,,,,-0.1616932,-0.03015381,-0.064704,-0.1665767,-0.03015381,-0.050522,-0.168118,-0.04361582,-0.046217,,0.176749967
160,,-0.6355719,-0.007596254,-2.989355,-0.6244248,-0.007596254,-2.979318,-0.6471071,0.002655983,-2.955903,,LargeOverlap(Clone) (UnityEngine.GameObject),,,,,,0.1144281,-0.007596254,-0.139355,0.1255752,-0.007596254,-0.129318,0.1028929,0.002655983,-0.105903,,0.180475231
137,,-0.8505172,-0.01703721,-2.998951,-0.8626525,-0.01703721,-2.990135,-0.8482724,-0.02609921,-2.97476,,LargeOverlap(Clone) (UnityEngine.GameObject),,,,,,-0.1005172,-0.01703721,-0.148951,-0.1126525,-0.01703721,-0.140135,-0.0982724,-0.02609921,-0.12476,,0.180500345
131,,-0.6423799,-0.03015381,-2.993066,-0.6540371,-0.03015381,-3.002505,-0.6376805,-0.03760791,-2.975006,,LargeOverlap(Clone) (UnityEngine.GameObject),,,,,,0.1076201,-0.03015381,-0.143066,0.0959629,-0.03015381,-0.152505,0.1123195,-0.03760791,-0.125006,,0.181546739
145,,-0.6971549,-0.03015381,-3.023834,-0.7114208,-0.03015381,-3.028469,-0.6943821,-0.03531981,-2.989362,,LargeOverlap(Clone) (UnityEngine.GameObject),,,,,,0.0528451,-0.03015381,-0.173834,0.0385792,-0.03015381,-0.178469,0.0556179,-0.03531981,-0.139362,,0.184174147
,,,,,,,,,,,,,,,,,,,,,,,,,,,,
