Trial Number,,Target Position X,Target Position Y,Target Position Z,Penalty Position X,Penalty Position Y,Penalty Position Z,Collision Position X,Collision Position Y,Collision Position Z,Start Time,Overlap Type,Polar Angle,Elevation Angle,,,,,,,,,,,,
153,,-0.7039902,-0.007596254,-2.78848,-0.6884426,-0.007596254,-2.798195,-0.7135016,-0.02230668,-2.764595,17:10:20,SmallOverlap(Clone) (UnityEngine.GameObject),1.012291,1.396263,,0.0460098,-0.007596254,0.06152,0.0615574,-0.007596254,0.051805,0.0364984,-0.02230668,0.085405,,0.077196601
157,,-0.781115,-0.01703721,-2.781341,-0.7639993,-0.01703721,-2.774771,-0.7812652,-0.01596928,-2.748297,17:10:33,SmallOverlap(Clone) (UnityEngine.GameObject),1.937315,1.308997,,-0.031115,-0.01703721,0.068659,-0.0139993,-0.01703721,0.075229,-0.0312652,-0.01596928,0.101703,,0.077281744
123,,-0.7394188,-0.007596254,-2.773771,-0.7228764,-0.007596254,-2.775802,-0.7290456,0.008336544,-2.756737,17:08:38,MediumOverlap(Clone) (UnityEngine.GameObject),1.448623,1.396263,,0.0105812,-0.007596254,0.076229,0.0271236,-0.007596254,0.074198,0.0209544,0.008336544,0.093263,,0.077333856
107,,-0.7001997,-0.007596254,-2.787633,-0.7152175,-0.007596254,-2.777117,-0.7046701,0.000915051,-2.752956,17:07:43,SmallOverlap(Clone) (UnityEngine.GameObject),0.9599311,1.396263,,0.0498003,-0.007596254,0.062367,0.0347825,-0.007596254,0.072883,0.0453299,0.000915051,0.097044,,0.080171165
92,,-0.6989661,-0.007596254,-2.787409,-0.6868308,-0.007596254,-2.796226,-0.717189,0.004463911,-2.773506,17:06:52,LargeOverlap(Clone) (UnityEngine.GameObject),0.9424778,1.396263,,0.0510339,-0.007596254,0.062591,0.0631692,-0.007596254,0.053774,0.032811,0.004463911,0.076494,,0.081115937
142,,-0.754544,-0.03015381,-2.774592,-0.7395646,-0.03015381,-2.773807,-0.7443674,-0.02840781,-2.758586,17:09:41,LargeOverlap(Clone) (UnityEngine.GameObject),1.623156,1.22173,,-0.004544,-0.03015381,0.075408,0.0104354,-0.03015381,0.076193,0.0056326,-0.02840781,0.091414,,0.081340437
113,,-0.8010339,-0.01703721,-2.788952,-0.8145176,-0.01703721,-2.798748,-0.79264,-0.01072669,-2.769271,17:08:04,MediumOverlap(Clone) (UnityEngine.GameObject),2.199115,1.308997,,-0.0510339,-0.01703721,0.061048,-0.0645176,-0.01703721,0.051252,-0.04264,-0.01072669,0.080729,,0.081373115
98,,-0.7866935,-0.01703721,-2.779387,-0.8017986,-0.01703721,-2.786431,-0.7976624,0.1263998,-2.758826,17:07:12,MediumOverlap(Clone) (UnityEngine.GameObject),2.007129,1.308997,,-0.0366935,-0.01703721,0.070613,-0.0517986,-0.01703721,0.063569,-0.0476624,0.1263998,0.091174,,0.08138105
101,,-0.8145229,-0.007596254,-2.800209,-0.8245598,-0.007596254,-2.811356,-0.805635,0.002352238,-2.787045,17:07:22,LargeOverlap(Clone) (UnityEngine.GameObject),2.408554,1.396263,,-0.0645229,-0.007596254,0.049791,-0.0745598,-0.007596254,0.038644,-0.055635,0.002352238,0.062955,,0.081853842
124,,-0.684473,-0.01703721,-2.803058,-0.6943139,-0.01703721,-2.791737,-0.6775774,-0.01732516,-2.789234,17:08:42,LargeOverlap(Clone) (UnityEngine.GameObject),0.715585,1.308997,,0.065527,-0.01703721,0.046942,0.0556861,-0.01703721,0.058263,0.0724226,-0.01732516,0.060766,,0.082386926
48,,-0.7001997,-0.007596254,-2.783178,-0.6851819,-0.007596254,-2.793694,-0.7045162,-0.000262499,-2.766311,17:04:16,SmallOverlap(Clone) (UnityEngine.GameObject),0.9599311,1.396263,,0.0498003,-0.007596254,0.066822,0.0648181,-0.007596254,0.056306,0.0454838,-0.000262499,0.083689,,0.083683646
40,,-0.7695312,-0.007596254,-2.768938,-0.7532917,-0.007596254,-2.765189,-0.9486898,-0.07903218,-2.427387,17:03:40,MediumOverlap(Clone) (UnityEngine.GameObject),1.797689,1.396263,,-0.0195312,-0.007596254,0.081062,-0.0032917,-0.007596254,0.084811,-0.1986898,-0.07903218,0.422613,,0.083727049
33,,-0.745456,-0.007596254,-2.766333,-0.7304766,-0.007596254,-2.767118,-0.754201,-0.006635189,-2.751199,17:03:17,LargeOverlap(Clone) (UnityEngine.GameObject),1.518436,1.396263,,0.004544,-0.007596254,0.083667,0.0195234,-0.007596254,0.082882,-0.004201,-0.006635189,0.098801,,0.084133928
103,,-0.7724717,-0.03015381,-2.774574,-0.7869606,-0.03015381,-2.778456,-0.7752289,0.1182308,-2.726569,17:07:29,LargeOverlap(Clone) (UnityEngine.GameObject),1.832596,1.22173,,-0.0224717,-0.03015381,0.075426,-0.0369606,-0.03015381,0.071544,-0.0252289,0.1182308,0.123431,,0.084281143
60,,-0.6965457,-0.01703721,-2.786918,-0.7083659,-0.01703721,-2.777683,-0.6712687,0.1239188,-2.748113,17:05:03,LargeOverlap(Clone) (UnityEngine.GameObject),0.9075712,1.308997,,0.0534543,-0.01703721,0.063082,0.0416341,-0.01703721,0.072317,0.0787313,0.1239188,0.101887,,0.084421368
88,,-0.8219805,-0.01703721,-2.808811,-0.8135926,-0.01703721,-2.796376,-0.816011,-0.009116173,-2.794675,17:06:38,LargeOverlap(Clone) (UnityEngine.GameObject),2.548181,1.308997,,-0.0719805,-0.01703721,0.041189,-0.0635926,-0.01703721,0.053624,-0.066011,-0.009116173,0.055325,,0.084663998
102,,-0.6679062,-0.007596254,-2.830107,-0.6619374,-0.007596254,-2.847442,-0.6780124,-0.006260395,-2.822755,17:07:25,SmallOverlap(Clone) (UnityEngine.GameObject),0.3316126,1.396263,,0.0820938,-0.007596254,0.019893,0.0880626,-0.007596254,0.002558,0.0719876,-0.006260395,0.027245,,0.084810533
24,,-0.7379164,-0.007596254,-2.766239,-0.7230624,-0.007596254,-2.768327,-0.7295772,-0.05537081,-2.389184,17:02:38,LargeOverlap(Clone) (UnityEngine.GameObject),1.43117,1.396263,,0.0120836,-0.007596254,0.083761,0.0269376,-0.007596254,0.081673,0.0204228,-0.05537081,0.460816,,0.084968356
34,,-0.7304688,-0.01703721,-2.768507,-0.7483323,-0.01703721,-2.764383,-0.7271322,-0.00372982,-2.753534,17:03:20,SmallOverlap(Clone) (UnityEngine.GameObject),1.343904,1.308997,,0.0195312,-0.01703721,0.081493,0.0016677,-0.01703721,0.085617,0.0228678,-0.00372982,0.096466,,0.085515164
32,,-0.8259381,-0.007596254,-2.81088,-0.8348263,-0.007596254,-2.826915,-0.8142151,-0.007254124,-2.803234,17:03:14,SmallOverlap(Clone) (UnityEngine.GameObject),2.635447,1.396263,,-0.0759381,-0.007596254,0.03912,-0.0848263,-0.007596254,0.023085,-0.0642151,-0.007254124,0.046766,,0.085759387
110,,-0.6919034,-0.03015381,-2.794454,-0.6807562,-0.03015381,-2.804491,-0.6987038,-0.02935052,-2.764192,17:07:54,LargeOverlap(Clone) (UnityEngine.GameObject),0.8377581,1.22173,,0.0580966,-0.03015381,0.055546,0.0692438,-0.03015381,0.045509,0.0512962,-0.02935052,0.085808,,0.085847687
120,,-0.6865008,-0.03015381,-2.800488,-0.6751342,-0.03015381,-2.812677,-0.6762276,-0.02877688,-2.77544,17:08:27,MediumOverlap(Clone) (UnityEngine.GameObject),0.7504916,1.22173,,0.0634992,-0.03015381,0.049512,0.0748658,-0.03015381,0.037323,0.0737724,-0.02877688,0.07456,,0.085981619
162,,-0.676369,-0.03015381,-2.816764,-0.6843178,-0.03015381,-2.804043,-0.6624744,0.1124341,-2.74049,17:10:50,LargeOverlap(Clone) (UnityEngine.GameObject),0.5585054,1.22173,,0.073631,-0.03015381,0.033236,0.0656822,-0.03015381,0.045957,0.0875256,0.1124341,0.10951,,0.086228813
30,,-0.8330303,-0.007596254,-2.827456,-0.8281574,-0.007596254,-2.811517,-0.8220963,-0.00693512,-2.811157,17:03:07,MediumOverlap(Clone) (UnityEngine.GameObject),2.844887,1.396263,,-0.0830303,-0.007596254,0.022544,-0.0781574,-0.007596254,0.038483,-0.0720963,-0.00693512,0.038843,,0.086371093
39,,-0.6631759,-0.007596254,-2.85347,-0.6631759,-0.007596254,-2.86847,-0.6685737,-0.000137091,-2.850627,17:03:37,LargeOverlap(Clone) (UnityEngine.GameObject),0,1.396263,,0.0868241,-0.007596254,-0.00347,0.0868241,-0.007596254,-0.01847,0.0814263,-0.000137091,-0.000627,,0.087224815
8,,-0.6669697,-0.007596254,-2.876346,-0.6718426,-0.007596254,-2.892284,-0.6597803,-0.007582664,-2.875261,17:01:40,MediumOverlap(Clone) (UnityEngine.GameObject),5.986479,1.396263,,0.0830303,-0.007596254,-0.026346,0.0781574,-0.007596254,-0.042284,0.0902197,-0.007582664,-0.025261,,0.087440526
81,,-0.8352289,-0.01703721,-2.840282,-0.8384091,-0.01703721,-2.856642,-0.8240312,-0.02310252,-2.828043,17:06:14,MediumOverlap(Clone) (UnityEngine.GameObject),2.949606,1.308997,,-0.0852289,-0.01703721,0.009718,-0.0884091,-0.01703721,-0.006642,-0.0740312,-0.02310252,0.021957,,0.087456683
16,,-0.8211222,-0.01703721,-2.801807,-0.8106066,-0.01703721,-2.786789,-0.8206543,-0.006170511,-2.796714,17:02:10,SmallOverlap(Clone) (UnityEngine.GameObject),2.530727,1.308997,,-0.0711222,-0.01703721,0.048193,-0.0606066,-0.01703721,0.063211,-0.0706543,-0.006170511,0.053286,,0.087585382
5,,-0.7364177,-0.007596254,-2.936503,-0.7216024,-0.007596254,-2.934157,-0.7374161,-0.01413703,-2.934596,17:01:30,LargeOverlap(Clone) (UnityEngine.GameObject),4.869469,1.396263,,0.0135823,-0.007596254,-0.086503,0.0283976,-0.007596254,-0.084157,0.0125839,-0.01413703,-0.084596,,0.0878917
6,,-0.8193408,-0.01703721,-2.798569,-0.8103136,-0.01703721,-2.78659,-0.8092142,-0.01116419,-2.798645,17:01:33,LargeOverlap(Clone) (UnityEngine.GameObject),2.495821,1.308997,,-0.0693408,-0.01703721,0.051431,-0.0603136,-0.01703721,0.06341,-0.0592142,-0.01116419,0.051355,,0.087997505
129,,-0.8363485,-0.01703721,-2.851302,-0.8347806,-0.01703721,-2.836385,-0.8391382,-0.01154399,-2.83512,17:08:59,LargeOverlap(Clone) (UnityEngine.GameObject),3.036873,1.308997,,-0.0863485,-0.01703721,-0.001302,-0.0847806,-0.01703721,0.013615,-0.0891382,-0.01154399,0.01488,,0.088022867
12,,-0.6965457,-0.007596254,-2.919694,-0.6820989,-0.007596254,-2.908406,-0.4478805,-0.04734445,-3.1741,17:01:55,SmallOverlap(Clone) (UnityEngine.GameObject),5.375614,1.396263,,0.0534543,-0.007596254,-0.069694,0.0679011,-0.007596254,-0.058406,0.3021195,-0.04734445,-0.3241,,0.088160756
13,,-0.6953598,-0.007596254,-2.918867,-0.707017,-0.007596254,-2.928306,-0.5898249,0.09122133,-3.0251,17:01:59,LargeOverlap(Clone) (UnityEngine.GameObject),5.393067,1.396263,,0.0546402,-0.007596254,-0.068867,0.042983,-0.007596254,-0.078306,0.1601751,0.09122133,-0.1751,,0.08823785
141,,-0.6632949,-0.007596254,-2.865766,-0.6642544,-0.007596254,-2.884074,-0.6771895,0.003195763,-2.842021,17:09:38,SmallOverlap(Clone) (UnityEngine.GameObject),6.230825,1.396263,,0.0867051,-0.007596254,-0.015766,0.0857456,-0.007596254,-0.034074,0.0728105,0.003195763,0.007979,,0.088453627
57,,-0.8113939,-0.03015381,-2.793727,-0.8007873,-0.03015381,-2.78312,-0.8505598,0.1026392,-2.706474,17:04:54,LargeOverlap(Clone) (UnityEngine.GameObject),2.356194,1.22173,,-0.0613939,-0.03015381,0.056273,-0.0507873,-0.03015381,0.06688,-0.1005598,0.1026392,0.143526,,0.088572647
9,,-0.7907615,-0.01703721,-2.927706,-0.7745741,-0.01703721,-2.936313,-0.8735153,0.04862761,-3.135553,17:01:44,SmallOverlap(Clone) (UnityEngine.GameObject),4.223697,1.308997,,-0.0407615,-0.01703721,-0.077706,-0.0245741,-0.01703721,-0.086313,-0.1235153,0.04862761,-0.285553,,0.089386738
31,,-0.7753849,-0.007596254,-2.935937,-0.7929171,-0.007596254,-2.930577,-0.7733918,-0.004841089,-2.914236,17:03:11,SmallOverlap(Clone) (UnityEngine.GameObject),4.415683,1.396263,,-0.0253849,-0.007596254,-0.085937,-0.0429171,-0.007596254,-0.080577,-0.0233918,-0.004841089,-0.064236,,0.089929218
77,,-0.8338656,-0.01703721,-2.879007,-0.829552,-0.01703721,-2.895105,-0.8273123,-0.0294168,-2.859515,17:06:00,MediumOverlap(Clone) (UnityEngine.GameObject),3.403392,1.308997,,-0.0838656,-0.01703721,-0.029007,-0.079552,-0.01703721,-0.045105,-0.0773123,-0.0294168,-0.009515,,0.090361006
25,,-0.6806592,-0.03015381,-2.800061,-0.6696259,-0.03015381,-2.814703,-0.3739656,-0.2405889,-2.404144,17:02:43,SmallOverlap(Clone) (UnityEngine.GameObject),0.6457718,1.22173,,0.0693408,-0.03015381,0.049939,0.0803741,-0.03015381,0.035297,0.3760344,-0.2405889,0.445856,,0.090616238
54,,-0.8211222,-0.01703721,-2.904608,-0.8115625,-0.01703721,-2.91826,-0.8789194,0.1212106,-2.918318,17:04:36,MediumOverlap(Clone) (UnityEngine.GameObject),3.752458,1.308997,,-0.0711222,-0.01703721,-0.054608,-0.0615625,-0.01703721,-0.06826,-0.1289194,0.1212106,-0.068318,,0.09127249
146,,-0.8361769,-0.03015381,-2.851018,-0.8341458,-0.03015381,-2.834476,-0.8254964,-0.03343463,-2.825303,17:09:56,MediumOverlap(Clone) (UnityEngine.GameObject),3.01942,1.22173,,-0.0861769,-0.03015381,-0.001018,-0.0841458,-0.03015381,0.015524,-0.0754964,-0.03343463,0.024697,,0.091305787
47,,-0.7635823,-0.007596254,-2.939988,-0.748767,-0.007596254,-2.942334,-0.7685681,-0.0074687,-2.922422,17:04:12,LargeOverlap(Clone) (UnityEngine.GameObject),4.555309,1.396263,,-0.0135823,-0.007596254,-0.089988,0.001233,-0.007596254,-0.092334,-0.0185681,-0.0074687,-0.072422,,0.091323721
70,,-0.8259381,-0.01703721,-2.898135,-0.8332102,-0.01703721,-2.885015,-0.8308054,-0.01966,-2.868892,17:05:37,LargeOverlap(Clone) (UnityEngine.GameObject),3.647738,1.308997,,-0.0759381,-0.01703721,-0.048135,-0.0832102,-0.01703721,-0.035015,-0.0808054,-0.01966,-0.018892,,0.091508687
3,,-0.6834888,-0.03015381,-2.794754,-0.673847,-0.03015381,-2.806244,-0.6864144,-0.01637793,-2.791896,17:01:21,LargeOverlap(Clone) (UnityEngine.GameObject),0.6981317,1.22173,,0.0665112,-0.03015381,0.055246,0.076153,-0.03015381,0.043756,0.0635856,-0.01637793,0.058104,,0.09157026
14,,-0.6657549,-0.03015381,-2.830457,-0.6693838,-0.03015381,-2.815902,-0.6614779,-0.02199268,-2.834276,17:02:03,LargeOverlap(Clone) (UnityEngine.GameObject),0.2443461,1.22173,,0.0842451,-0.03015381,0.019543,0.0806162,-0.03015381,0.034098,0.0885221,-0.02199268,0.015724,,0.091588307
20,,-0.8357552,-0.03015381,-2.865505,-0.8383624,-0.03015381,-2.849043,-0.9932249,0.08857012,-2.820741,17:02:25,MediumOverlap(Clone) (UnityEngine.GameObject),3.298672,1.22173,,-0.0857552,-0.03015381,-0.015505,-0.0883624,-0.03015381,0.000957,-0.2432249,0.08857012,0.029259,,0.092215029
59,,-0.754544,-0.007596254,-2.941963,-0.7728522,-0.007596254,-2.941004,-0.7544309,-0.008649588,-2.915654,17:05:00,SmallOverlap(Clone) (UnityEngine.GameObject),4.660029,1.396263,,-0.004544,-0.007596254,-0.091963,-0.0228522,-0.007596254,-0.091004,-0.0044309,-0.008649588,-0.065654,,0.09238801
76,,-0.706588,-0.007596254,-2.931659,-0.6935976,-0.007596254,-2.924159,-0.6890516,0.1127934,-2.977451,17:05:56,LargeOverlap(Clone) (UnityEngine.GameObject),5.235988,1.396263,,0.043412,-0.007596254,-0.081659,0.0564024,-0.007596254,-0.074159,0.0609484,0.1127934,-0.127451,,0.092792764
66,,-0.7515153,-0.007596254,-2.942568,-0.7681794,-0.007596254,-2.942277,-0.7782586,0.1376793,-2.955301,17:05:23,MediumOverlap(Clone) (UnityEngine.GameObject),4.694936,1.396263,,-0.0015153,-0.007596254,-0.092568,-0.0181794,-0.007596254,-0.092277,-0.0282586,0.1376793,-0.105301,,0.092891516
135,,-0.6748081,-0.01703721,-2.904207,-0.6673082,-0.01703721,-2.891216,-0.6551555,0.1271462,-2.859968,17:09:18,LargeOverlap(Clone) (UnityEngine.GameObject),5.759586,1.308997,,0.0751919,-0.01703721,-0.054207,0.0826918,-0.01703721,-0.041216,0.0948445,0.1271462,-0.009968,,0.094246948
41,,-0.8058094,-0.03015381,-2.920176,-0.8173001,-0.03015381,-2.910534,-0.9983783,-0.02438474,-3.183493,17:03:46,LargeOverlap(Clone) (UnityEngine.GameObject),4.014257,1.22173,,-0.0558094,-0.03015381,-0.070176,-0.0673001,-0.03015381,-0.060534,-0.2483783,-0.02438474,-0.333493,,0.094597105
154,,-0.6644949,-0.03015381,-2.877256,-0.6676785,-0.03015381,-2.895311,-0.6538532,0.1142435,-2.808786,17:10:23,SmallOverlap(Clone) (UnityEngine.GameObject),6.108652,1.22173,,0.0855051,-0.03015381,-0.027256,0.0823215,-0.03015381,-0.045311,0.0961468,0.1142435,0.041214,,0.094674516
67,,-0.6771832,-0.03015381,-2.903115,-0.6671981,-0.03015381,-2.887739,-0.6407104,0.1333621,-2.905141,17:05:27,SmallOverlap(Clone) (UnityEngine.GameObject),5.707227,1.22173,,0.0728168,-0.03015381,-0.053115,0.0828019,-0.03015381,-0.037739,0.1092896,0.1333621,-0.055141,,0.095040738
49,,-0.7105827,-0.03015381,-2.931729,-0.6942475,-0.03015381,-2.923406,-0.7191029,-0.02809215,-2.909721,17:04:19,SmallOverlap(Clone) (UnityEngine.GameObject),5.183628,1.22173,,0.0394173,-0.03015381,-0.081729,0.0557525,-0.03015381,-0.073406,0.0308971,-0.02809215,-0.059721,,0.095616971
93,,-0.7304688,-0.01703721,-2.942317,-0.7126054,-0.01703721,-2.938193,-0.7166517,0.001433134,-2.931412,17:06:55,SmallOverlap(Clone) (UnityEngine.GameObject),4.939282,1.308997,,0.0195312,-0.01703721,-0.092317,0.0373946,-0.01703721,-0.088193,0.0333483,0.001433134,-0.081412,,0.095886197
63,,-0.7985514,-0.03015381,-2.927523,-0.7847341,-0.03015381,-2.936843,-0.8371956,0.1168377,-2.931265,17:05:13,MediumOverlap(Clone) (UnityEngine.GameObject),4.118977,1.22173,,-0.0485514,-0.03015381,-0.077523,-0.0347341,-0.03015381,-0.086843,-0.0871956,0.1168377,-0.081265,,0.096313583
132,,-0.6965457,-0.01703721,-2.929004,-0.6820989,-0.01703721,-2.917717,-0.6794471,-0.009981871,-2.90554,17:09:09,SmallOverlap(Clone) (UnityEngine.GameObject),5.375614,1.308997,,0.0534543,-0.01703721,-0.079004,0.0679011,-0.01703721,-0.067717,0.0705529,-0.009981871,-0.05554,,0.096898198
150,,-0.6896869,-0.01703721,-2.92434,-0.6776979,-0.01703721,-2.912762,-0.6885263,0.1268108,-2.881471,17:10:09,MediumOverlap(Clone) (UnityEngine.GameObject),5.480334,1.308997,,0.0603131,-0.01703721,-0.07434,0.0723021,-0.01703721,-0.062762,0.0614737,0.1268108,-0.031471,,0.097233596
86,,-0.6941906,-0.03015381,-2.923715,-0.6826999,-0.03015381,-2.914073,-0.6959665,-0.02460051,-2.887424,17:06:31,LargeOverlap(Clone) (UnityEngine.GameObject),5.410521,1.22173,,0.0558094,-0.03015381,-0.073715,0.0673001,-0.03015381,-0.064073,0.0540335,-0.02460051,-0.037424,,0.09725144
171,,-0.6694981,-0.03015381,-2.89596,-0.6763659,-0.03015381,-2.912958,-0.6735069,-0.02828145,-2.86314,17:11:21,SmallOverlap(Clone) (UnityEngine.GameObject),5.899213,1.22173,,0.0805019,-0.03015381,-0.04596,0.0736341,-0.03015381,-0.062958,0.0764931,-0.02828145,-0.01314,,0.097478868
73,,-0.7484847,-0.03015381,-2.943063,-0.7651489,-0.03015381,-2.943354,-0.7537022,0.1454141,-2.95543,17:05:47,MediumOverlap(Clone) (UnityEngine.GameObject),4.729842,1.22173,,0.0015153,-0.03015381,-0.093063,-0.0151489,-0.03015381,-0.093354,-0.0037022,0.1454141,-0.10543,,0.09783798
164,,-0.671963,-0.03015381,-2.900983,-0.6792691,-0.03015381,-2.915962,-0.6789527,-0.02908421,-2.868349,17:10:57,MediumOverlap(Clone) (UnityEngine.GameObject),5.8294,1.22173,,0.078037,-0.03015381,-0.050983,0.0707309,-0.03015381,-0.065962,0.0710473,-0.02908421,-0.018349,,0.097970873
108,,-0.7133065,-0.03015381,-2.937517,-0.7269012,-0.03015381,-2.943856,-0.723814,-0.01583457,-2.90881,17:07:47,LargeOverlap(Clone) (UnityEngine.GameObject),5.148721,1.22173,,0.0366935,-0.03015381,-0.087517,0.0230988,-0.03015381,-0.093856,0.026186,-0.01583457,-0.05881,,0.099573543
159,,-0.7880611,-0.01703721,-2.940586,-0.803041,-0.01703721,-2.93328,-0.7862174,-0.02315664,-2.908636,17:10:40,MediumOverlap(Clone) (UnityEngine.GameObject),4.258604,1.308997,,-0.0380611,-0.01703721,-0.090586,-0.053041,-0.01703721,-0.08328,-0.0362174,-0.02315664,-0.058636,,0.099723303
137,,-0.7575672,-0.03015381,-2.947434,-0.7758308,-0.03015381,-2.945837,-0.7851784,0.1279123,-2.966076,17:09:25,SmallOverlap(Clone) (UnityEngine.GameObject),4.625123,1.22173,,-0.0075672,-0.03015381,-0.097434,-0.0258308,-0.03015381,-0.095837,-0.0351784,0.1279123,-0.116076,,0.102273648
180,,-0.75,-0.01703721,-2.73471,-0.7666667,-0.01703721,-2.73471,-0.7574345,0.1000059,-2.657792,17:11:53,MediumOverlap(Clone) (UnityEngine.GameObject),1.570796,1.308997,,0,-0.01703721,0.11529,-0.0166667,-0.01703721,0.11529,-0.0074345,0.1000059,0.192208,,0.116542055
166,,-0.7253075,-0.01703721,-2.736026,-0.7400319,-0.01703721,-2.733164,-0.7422575,0.1091864,-2.677297,17:11:04,LargeOverlap(Clone) (UnityEngine.GameObject),1.37881,1.308997,,0.0246925,-0.01703721,0.113974,0.0099681,-0.01703721,0.116836,0.0077425,0.1091864,0.172703,,0.117856093
160,,-0.7297559,-0.01703721,-2.73481,-0.7149405,-0.01703721,-2.737157,-0.736931,-0.01418757,-2.704244,17:10:44,LargeOverlap(Clone) (UnityEngine.GameObject),1.413717,1.308997,,0.0202441,-0.01703721,0.11519,0.0350595,-0.01703721,0.112843,0.013069,-0.01418757,0.145756,,0.118189789
152,,-0.8067294,-0.007596254,-2.74572,-0.7917495,-0.007596254,-2.738414,-0.7888325,-0.01001859,-2.714848,17:10:16,MediumOverlap(Clone) (UnityEngine.GameObject),2.024582,1.396263,,-0.0567294,-0.007596254,0.10428,-0.0417495,-0.007596254,0.111586,-0.0388325,-0.01001859,0.135152,,0.118954808
161,,-0.6601046,-0.007596254,-2.769607,-0.6732925,-0.007596254,-2.756871,-0.6643914,-0.01831937,-2.739533,17:10:47,SmallOverlap(Clone) (UnityEngine.GameObject),0.8028514,1.396263,,0.0898954,-0.007596254,0.080393,0.0767075,-0.007596254,0.093129,0.0856086,-0.01831937,0.110467,,0.120838406
69,,-0.7230942,-0.007596254,-2.729385,-0.7051615,-0.007596254,-2.733197,-0.7285851,0.107599,-2.690719,17:05:33,SmallOverlap(Clone) (UnityEngine.GameObject),1.361357,1.396263,,0.0269058,-0.007596254,0.120615,0.0448385,-0.007596254,0.116803,0.0214149,0.107599,0.159281,,0.123812775
80,,-0.8185766,-0.007596254,-2.747011,-0.8030291,-0.007596254,-2.737296,-0.8207119,-0.02777433,-2.725908,17:06:10,SmallOverlap(Clone) (UnityEngine.GameObject),2.129302,1.396263,,-0.0685766,-0.007596254,0.102989,-0.0530291,-0.007596254,0.112704,-0.0707119,-0.02777433,0.124092,,0.12396446
158,,-0.8663125,-0.007596254,-2.805745,-0.8736187,-0.007596254,-2.820724,-0.860801,-0.002227783,-2.770344,17:10:36,MediumOverlap(Clone) (UnityEngine.GameObject),2.687807,1.396263,,-0.1163125,-0.007596254,0.044255,-0.1236187,-0.007596254,0.029276,-0.110801,-0.002227783,0.079656,,0.12467881
131,,-0.8631842,-0.007596254,-2.797777,-0.855912,-0.007596254,-2.784658,-0.8556647,0.006222486,-2.775452,17:09:05,LargeOverlap(Clone) (UnityEngine.GameObject),2.635447,1.396263,,-0.1131842,-0.007596254,0.052223,-0.105912,-0.007596254,0.065342,-0.1056647,0.006222486,0.074548,,0.124882376
116,,-0.8166508,-0.03015381,-2.748484,-0.8009361,-0.03015381,-2.739042,-0.8122818,-3.62E-02,-2.737217,17:08:14,SmallOverlap(Clone) (UnityEngine.GameObject),2.111848,1.22173,,-0.0666508,-0.03015381,0.101516,-0.0509361,-0.03015381,0.110958,-0.0622818,-0.03615308,0.112783,,0.125128253
78,,-0.8296725,-0.01703721,-2.754639,-0.842806,-0.01703721,-2.7649,-0.8268538,-0.01232886,-2.743312,17:06:03,MediumOverlap(Clone) (UnityEngine.GameObject),2.234021,1.308997,,-0.0796725,-0.01703721,0.095361,-0.092806,-0.01703721,0.0851,-0.0768538,-0.01232886,0.106688,,0.12542605
94,,-0.6327151,-0.01703721,-2.803097,-0.6404631,-0.01703721,-2.786482,-0.6215552,0.1138785,-2.744433,17:06:58,SmallOverlap(Clone) (UnityEngine.GameObject),0.4363323,1.308997,,0.1172849,-0.01703721,0.046903,0.1095369,-0.01703721,0.063518,0.1284448,0.1138785,0.105567,,0.127459428
151,,-0.6256036,-0.01703721,-2.826284,-0.6205502,-0.01703721,-2.843907,-0.6295991,-0.01758981,-2.811559,17:10:12,SmallOverlap(Clone) (UnityEngine.GameObject),0.2792527,1.308997,,0.1243964,-0.01703721,0.023716,0.1294498,-0.01703721,0.006093,0.1204009,-0.01758981,0.038441,,0.127777852
55,,-0.7121643,-0.03015381,-2.731181,-0.7281027,-0.03015381,-2.726309,-0.7106164,0.1082563,-2.703022,17:04:43,MediumOverlap(Clone) (UnityEngine.GameObject),1.27409,1.22173,,0.0378357,-0.03015381,0.118819,0.0218973,-0.03015381,0.123691,0.0393836,0.1082563,0.146978,,0.128291649
71,,-0.6617429,-0.03015381,-2.761466,-0.6483348,-0.03015381,-2.773969,-0.6712089,-0.03331685,-2.743223,17:05:40,SmallOverlap(Clone) (UnityEngine.GameObject),0.8203048,1.22173,,0.0882571,-0.03015381,0.088534,0.1016652,-0.03015381,0.076031,0.0787911,-0.03331685,0.106777,,0.128595634
167,,-0.6283948,-0.03015381,-2.81888,-0.6346652,-0.03015381,-2.801653,-0.6324086,-0.02589202,-2.783695,17:11:08,SmallOverlap(Clone) (UnityEngine.GameObject),0.3490658,1.22173,,0.1216052,-0.03015381,0.03112,0.1153348,-0.03015381,0.048347,0.1175914,-0.02589202,0.066305,,0.129095048
44,,-0.8046908,-0.03015381,-2.736654,-0.7880752,-0.03015381,-2.728906,-0.7964886,-0.02899027,-2.735924,17:03:59,SmallOverlap(Clone) (UnityEngine.GameObject),2.007129,1.22173,,-0.0546908,-0.03015381,0.113346,-0.0380752,-0.03015381,0.121094,-0.0464886,-0.02899027,0.114076,,0.129412718
169,,-0.6210829,-0.01703721,-2.852006,-0.6225355,-0.01703721,-2.835403,-0.5717702,0.114727,-2.812476,17:11:14,MediumOverlap(Clone) (UnityEngine.GameObject),0.08726646,1.308997,,0.1289171,-0.01703721,-0.002006,0.1274645,-0.01703721,0.014597,0.1782298,0.114727,0.037524,,0.130053486
29,,-0.6225565,-0.007596254,-2.875242,-0.6254507,-0.007596254,-2.891655,-0.6338754,-0.01159549,-2.863907,17:03:04,MediumOverlap(Clone) (UnityEngine.GameObject),6.108652,1.396263,,0.1274435,-0.007596254,-0.025242,0.1245493,-0.007596254,-0.041655,0.1161246,-0.01159549,-0.013907,,0.130141105
23,,-0.6276408,-0.007596254,-2.894281,-0.633067,-0.007596254,-2.91004,-0.6365297,-0.005484104,-2.877253,17:02:35,MediumOverlap(Clone) (UnityEngine.GameObject),5.951573,1.396263,,0.1223592,-0.007596254,-0.044281,0.116933,-0.007596254,-0.06004,0.1134703,-0.005484104,-0.027253,,0.130346783
7,,-0.6833492,-0.007596254,-2.961818,-0.6976353,-0.007596254,-2.970402,-0.6794182,-0.00441885,-2.945961,17:01:37,MediumOverlap(Clone) (UnityEngine.GameObject),5.253441,1.396263,,0.0666508,-0.007596254,-0.111818,0.0523647,-0.007596254,-0.120402,0.0705818,-0.00441885,-0.095961,,0.130396692
35,,-0.83144,-0.03015381,-2.752611,-0.8197829,-0.03015381,-2.743172,-0.8371697,-0.02189231,-2.750795,17:03:23,LargeOverlap(Clone) (UnityEngine.GameObject),2.251475,1.22173,,-0.08144,-0.03015381,0.097389,-0.0697829,-0.03015381,0.106828,-0.0871697,-0.02189231,0.099205,,0.13048503
61,,-0.6283948,-0.03015381,-2.811143,-0.6232646,-0.03015381,-2.825239,-0.5640403,0.1069405,-2.763991,17:05:07,LargeOverlap(Clone) (UnityEngine.GameObject),0.3490658,1.22173,,0.1216052,-0.03015381,0.038857,0.1267354,-0.03015381,0.024761,0.1859597,0.1069405,0.086009,,0.131175239
19,,-0.6814234,-0.007596254,-2.961595,-0.6969709,-0.007596254,-2.97131,-0.6765363,-0.008407116,-2.952488,17:02:21,SmallOverlap(Clone) (UnityEngine.GameObject),5.270895,1.396263,,0.0685766,-0.007596254,-0.111595,0.0530291,-0.007596254,-0.12131,0.0734637,-0.008407116,-0.102488,,0.131201742
37,,-0.8609256,-0.03015381,-2.786675,-0.8686512,-0.03015381,-2.799532,-0.8607547,-0.02234101,-2.772425,17:03:30,LargeOverlap(Clone) (UnityEngine.GameObject),2.600541,1.22173,,-0.1109256,-0.03015381,0.063325,-0.1186512,-0.03015381,0.050468,-0.1107547,-0.02234101,0.077575,,0.131239463
133,,-0.8770319,-0.03015381,-2.835962,-0.8741698,-0.03015381,-2.821237,-0.8638608,-0.03053379,-2.816744,17:09:12,LargeOverlap(Clone) (UnityEngine.GameObject),2.949606,1.22173,,-0.1270319,-0.03015381,0.014038,-0.1241698,-0.03015381,0.028763,-0.1138608,-0.03053379,0.033256,,0.131314208
170,,-0.6210829,-0.007596254,-2.874645,-0.6225355,-0.007596254,-2.891248,-0.5941842,0.1162152,-2.842657,17:11:18,MediumOverlap(Clone) (UnityEngine.GameObject),6.195919,1.396263,,0.1289171,-0.007596254,-0.024645,0.1274645,-0.007596254,-0.041248,0.1558158,0.1162152,0.007343,,0.131471281
17,,-0.7657711,-0.01703721,-2.98012,-0.7492287,-0.01703721,-2.982151,-0.7665933,-0.01597285,-2.960016,17:02:13,MediumOverlap(Clone) (UnityEngine.GameObject),4.590216,1.308997,,-0.0157711,-0.01703721,-0.13012,0.0007713,-0.01703721,-0.132151,-0.0165933,-0.01597285,-0.110016,,0.132174916
18,,-0.75,-0.01703721,-2.981184,-0.7316667,-0.01703721,-2.981184,-0.7554598,0.1003985,-3.041089,17:02:17,SmallOverlap(Clone) (UnityEngine.GameObject),4.712389,1.308997,,0,-0.01703721,-0.131184,0.0183333,-0.01703721,-0.131184,-0.0054598,0.1003985,-0.191089,,0.132285707
22,,-0.8166509,-0.01703721,-2.963003,-0.830937,-0.01703721,-2.954419,-0.8467301,0.1041889,-3.004753,17:02:32,MediumOverlap(Clone) (UnityEngine.GameObject),4.171337,1.308997,,-0.0666509,-0.01703721,-0.113003,-0.080937,-0.01703721,-0.104419,-0.0967301,0.1041889,-0.154753,,0.132296209
28,,-0.6553558,-0.01703721,-2.940949,-0.6655858,-0.01703721,-2.951919,-0.5095534,0.05708194,-3.030059,17:02:59,LargeOverlap(Clone) (UnityEngine.GameObject),5.532694,1.308997,,0.0946442,-0.01703721,-0.090949,0.0844142,-0.01703721,-0.101919,0.2404466,0.05708194,-0.180059,,0.132361292
125,,-0.6209057,-0.03015381,-2.85106,-0.6221846,-0.03015381,-2.832772,-0.623386,-0.02955294,-2.83246,17:08:45,SmallOverlap(Clone) (UnityEngine.GameObject),0.06981317,1.22173,,0.1290943,-0.03015381,-0.00106,0.1278154,-0.03015381,0.017228,0.126614,-0.02955294,0.01754,,0.132573429
10,,-0.6256036,-0.03015381,-2.815456,-0.6301975,-0.03015381,-2.799435,-0.6318852,-0.01603866,-2.806933,17:01:47,MediumOverlap(Clone) (UnityEngine.GameObject),0.2792527,1.22173,,0.1243964,-0.03015381,0.034544,0.1198025,-0.03015381,0.050565,0.1181148,-0.01603866,0.043067,,0.132578296
114,,-0.6206102,-0.03015381,-2.857005,-0.6209301,-0.03015381,-2.838675,-0.6295795,-0.01126671,-2.842395,17:08:07,SmallOverlap(Clone) (UnityEngine.GameObject),0.01745329,1.22173,,0.1293898,-0.03015381,-0.007005,0.1290699,-0.03015381,0.011325,0.1204205,-0.01126671,0.007605,,0.133041507
43,,-0.6634081,-0.01703721,-2.949999,-0.6770324,-0.01703721,-2.962266,-0.6607406,-0.01288795,-2.931613,17:03:54,SmallOverlap(Clone) (UnityEngine.GameObject),5.445427,1.308997,,0.0865919,-0.01703721,-0.099999,0.0729676,-0.01703721,-0.112266,0.0892594,-0.01288795,-0.081613,,0.1333725
90,,-0.6300136,-0.01703721,-2.905982,-0.6231458,-0.01703721,-2.888983,-0.6468537,-0.0120008,-2.887368,17:06:45,SmallOverlap(Clone) (UnityEngine.GameObject),5.899213,1.308997,,0.1199864,-0.01703721,-0.055982,0.1268542,-0.01703721,-0.038983,0.1031463,-0.0120008,-0.037368,,0.13349527
91,,-0.6379281,-0.007596254,-2.922285,-0.6462614,-0.007596254,-2.936719,-0.6457288,0.003397465,-2.928093,17:06:48,MediumOverlap(Clone) (UnityEngine.GameObject),5.759586,1.396263,,0.1120719,-0.007596254,-0.072285,0.1037386,-0.007596254,-0.086719,0.1042712,0.003397465,-0.078093,,0.13357745
140,,-0.8699864,-0.007596254,-2.909626,-0.8631186,-0.007596254,-2.926624,-0.9224933,0.09599328,-2.899954,17:09:35,SmallOverlap(Clone) (UnityEngine.GameObject),3.525565,1.396263,,-0.1199864,-0.007596254,-0.059626,-0.1131186,-0.007596254,-0.076624,-0.1724933,0.09599328,-0.049954,,0.13420022
112,,-0.8546945,-0.007596254,-2.935185,-0.864491,-0.007596254,-2.921701,-0.8961311,0.1128688,-2.861722,17:08:00,MediumOverlap(Clone) (UnityEngine.GameObject),3.769911,1.396263,,-0.1046945,-0.007596254,-0.085185,-0.114491,-0.007596254,-0.071701,-0.1461311,0.1128688,-0.011722,,0.135185523
106,,-0.8446441,-0.007596254,-2.946943,-0.8571475,-0.007596254,-2.933535,-0.8403605,0.01206541,-2.932794,17:07:40,SmallOverlap(Clone) (UnityEngine.GameObject),3.892084,1.396263,,-0.0946441,-0.007596254,-0.096943,-0.1071475,-0.007596254,-0.083535,-0.0903605,0.01206541,-0.082794,,0.135695077
82,,-0.6852952,-0.01703721,-2.968988,-0.7011724,-0.01703721,-2.978155,-0.6786015,0.1160996,-2.917461,17:06:18,SmallOverlap(Clone) (UnityEngine.GameObject),5.235988,1.308997,,0.0647048,-0.01703721,-0.118988,0.0488276,-0.01703721,-0.128155,0.0713985,0.1160996,-0.067461,,0.136510519
79,,-0.8005643,-0.01703721,-2.975804,-0.8174403,-0.01703721,-2.968641,-0.8120266,-0.009074211,-2.955053,17:06:07,SmallOverlap(Clone) (UnityEngine.GameObject),4.310963,1.308997,,-0.0505643,-0.01703721,-0.125804,-0.0674403,-0.01703721,-0.118641,-0.0620266,-0.009074211,-0.105053,,0.136651606
95,,-0.812739,-0.01703721,-2.971047,-0.7996197,-0.01703721,-2.978319,-0.8716584,0.119534,-2.960398,17:07:02,LargeOverlap(Clone) (UnityEngine.GameObject),4.206244,1.308997,,-0.062739,-0.01703721,-0.121047,-0.0496197,-0.01703721,-0.128319,-0.1216584,0.119534,-0.110398,,0.137400236
89,,-0.7297559,-0.01703721,-2.985245,-0.7445712,-0.01703721,-2.987592,-0.7220134,0.09345651,-3.06843,17:06:41,LargeOverlap(Clone) (UnityEngine.GameObject),4.869469,1.308997,,0.0202441,-0.01703721,-0.135245,0.0054288,-0.01703721,-0.137592,0.0279866,0.09345651,-0.21843,,0.137808926
83,,-0.673935,-0.03015381,-2.961681,-0.6874186,-0.03015381,-2.971478,-0.6580076,0.117676,-2.921745,17:06:21,MediumOverlap(Clone) (UnityEngine.GameObject),5.340707,1.22173,,0.076065,-0.03015381,-0.111681,0.0625814,-0.03015381,-0.121478,0.0919924,0.117676,-0.071745,,0.13844776
128,,-0.8185766,-0.007596254,-2.970051,-0.8030291,-0.007596254,-2.979766,-0.8447061,0.1267467,-2.951017,17:08:55,SmallOverlap(Clone) (UnityEngine.GameObject),4.153883,1.396263,,-0.0685766,-0.007596254,-0.120051,-0.0530291,-0.007596254,-0.129766,-0.0947061,0.1267467,-0.101017,,0.138465504
119,,-0.7100102,-0.007596254,-2.982707,-0.6925742,-0.007596254,-2.977042,-0.7029281,0.009372473,-2.958521,17:08:24,SmallOverlap(Clone) (UnityEngine.GameObject),5.026548,1.396263,,0.0399898,-0.007596254,-0.132707,0.0574258,-0.007596254,-0.127042,0.0470719,0.009372473,-0.108521,,0.138809348
175,,-0.8672849,-0.03015381,-2.918424,-0.8609456,-0.03015381,-2.932018,-0.9234731,0.1304638,-2.838472,17:11:35,LargeOverlap(Clone) (UnityEngine.GameObject),3.577925,1.22173,,-0.1172849,-0.03015381,-0.068424,-0.1109456,-0.03015381,-0.082018,-0.1734731,0.1304638,0.011528,,0.139092932
130,,-0.8067294,-0.01703721,-2.97676,-0.7902515,-0.01703721,-2.984797,-0.8007527,-0.006927252,-2.956276,17:09:02,SmallOverlap(Clone) (UnityEngine.GameObject),4.258604,1.308997,,-0.0567294,-0.01703721,-0.12676,-0.0402515,-0.01703721,-0.134797,-0.0507527,-0.006927252,-0.106276,,0.139916364
136,,-0.7856701,-0.007596254,-2.98526,-0.8016911,-0.007596254,-2.980666,-0.8055233,0.1202245,-2.990263,17:09:21,MediumOverlap(Clone) (UnityEngine.GameObject),4.433136,1.396263,,-0.0356701,-0.007596254,-0.13526,-0.0516911,-0.007596254,-0.130666,-0.0555233,0.1202245,-0.140263,,0.140090423
96,,-0.7963762,-0.03015381,-2.978748,-0.8119359,-0.03015381,-2.972775,-0.8394552,0.1295784,-2.975415,17:07:05,MediumOverlap(Clone) (UnityEngine.GameObject),4.34587,1.22173,,-0.0463762,-0.03015381,-0.128748,-0.0619359,-0.03015381,-0.122775,-0.0894552,0.1295784,-0.125415,,0.140128697
99,,-0.7878357,-0.03015381,-2.981911,-0.8037741,-0.03015381,-2.977038,-0.8236974,0.1356561,-2.948874,17:07:15,MediumOverlap(Clone) (UnityEngine.GameObject),4.415683,1.22173,,-0.0378357,-0.03015381,-0.131911,-0.0537741,-0.03015381,-0.127038,-0.0736974,0.1356561,-0.098874,,0.140503752
127,,-0.7724717,-0.01703721,-2.98768,-0.7872438,-0.01703721,-2.985075,-0.7692519,-8.23E-05,-2.960526,17:08:52,LargeOverlap(Clone) (UnityEngine.GameObject),4.537856,1.308997,,-0.0224717,-0.01703721,-0.13768,-0.0372438,-0.01703721,-0.135075,-0.0192519,-8.22544E-05,-0.110526,,0.140538344
156,,-0.7746925,-0.007596254,-2.989361,-0.7894169,-0.007596254,-2.986499,-0.7911913,0.1354346,-2.950719,17:10:30,LargeOverlap(Clone) (UnityEngine.GameObject),4.520403,1.396263,,-0.0246925,-0.007596254,-0.139361,-0.0394169,-0.007596254,-0.136499,-0.0411913,0.1354346,-0.100719,,0.141735355
148,,-0.687261,-0.03015381,-2.974928,-0.672684,-0.03015381,-2.966848,-0.6902791,-0.02080441,-2.948617,17:10:02,MediumOverlap(Clone) (UnityEngine.GameObject),5.218534,1.22173,,0.062739,-0.03015381,-0.124928,0.077316,-0.03015381,-0.116848,0.0597209,-0.02080441,-0.098617,,0.143012026
163,,-0.7470155,-0.007596254,-2.691864,-0.7303513,-0.007596254,-2.692154,-0.7474585,-0.01820827,-2.667331,17:10:54,MediumOverlap(Clone) (UnityEngine.GameObject),1.553343,1.396263,,0.0029845,-0.007596254,0.158136,0.0196487,-0.007596254,0.157846,0.0025415,-0.01820827,0.182669,,0.158346471
147,,-0.7767519,-0.01703721,-2.692767,-0.7915672,-0.01703721,-2.695113,-0.7687619,0.0746839,-2.61972,17:09:59,LargeOverlap(Clone) (UnityEngine.GameObject),1.727876,1.308997,,-0.0267519,-0.01703721,0.157233,-0.0415672,-0.01703721,0.154887,-0.0187619,0.0746839,0.23028,,0.160399959
155,,-0.827637,-0.01703721,-2.709878,-0.8127869,-0.01703721,-2.702311,-0.8511391,0.09544349,-2.681332,17:10:26,MediumOverlap(Clone) (UnityEngine.GameObject),2.042035,1.308997,,-0.077637,-0.01703721,0.140122,-0.0627869,-0.01703721,0.147689,-0.1011391,0.09544349,0.168668,,0.161096074
173,,-0.816819,-0.03015381,-2.706172,-0.8321607,-0.03015381,-2.712685,-0.817819,0.0793941,-2.641679,17:11:28,MediumOverlap(Clone) (UnityEngine.GameObject),1.972222,1.22173,,-0.066819,-0.03015381,0.143828,-0.0821607,-0.03015381,0.137315,-0.067819,0.0793941,0.208321,,0.161432725
172,,-0.677728,-0.03015381,-2.708516,-0.6641334,-0.03015381,-2.714855,-0.677927,0.07995963,-2.626169,17:11:24,LargeOverlap(Clone) (UnityEngine.GameObject),1.134464,1.22173,,0.072272,-0.03015381,0.141484,0.0858666,-0.03015381,0.135145,0.072073,0.07995963,0.223831,,0.161710286
109,,-0.7559682,-0.007596254,-2.687998,-0.7742903,-0.007596254,-2.688638,-0.7591687,-0.002249718,-2.658603,17:07:50,SmallOverlap(Clone) (UnityEngine.GameObject),1.605703,1.396263,,-0.0059682,-0.007596254,0.162002,-0.0242903,-0.007596254,0.161362,-0.0091687,-0.002249718,0.191397,,0.162289773
143,,-0.7115311,-0.03015381,-2.694755,-0.7293946,-0.03015381,-2.690631,-0.7157083,-0.03271484,-2.679935,17:09:45,SmallOverlap(Clone) (UnityEngine.GameObject),1.343904,1.22173,,0.0384689,-0.03015381,0.155245,0.0206054,-0.03015381,0.159369,0.0342917,-0.03271484,0.170065,,0.162757852
117,,-0.672363,-0.03015381,-2.707122,-0.6560279,-0.03015381,-2.715445,-0.6724504,-0.02940917,-2.698184,17:08:17,SmallOverlap(Clone) (UnityEngine.GameObject),1.099557,1.22173,,0.077637,-0.03015381,0.142878,0.0939721,-0.03015381,0.134555,0.0775496,-0.02940917,0.151816,,0.165381011
179,,-0.8995688,-0.01703721,-2.781139,-0.8922967,-0.01703721,-2.76802,-0.9000658,-0.00557065,-2.74752,17:11:49,LargeOverlap(Clone) (UnityEngine.GameObject),2.635447,1.308997,,-0.1495688,-0.01703721,0.068861,-0.1422967,-0.01703721,0.08198,-0.1500658,-0.00557065,0.10248,,0.165538303
168,,-0.5962971,-0.01703721,-2.788246,-0.6028727,-0.01703721,-2.774765,-0.5710294,0.1177046,-2.727064,17:11:11,LargeOverlap(Clone) (UnityEngine.GameObject),0.4537856,1.308997,,0.1537029,-0.01703721,0.061754,0.1471273,-0.01703721,0.075235,0.1789706,0.1177046,0.122936,,0.166518481
122,,-0.902371,-0.007596254,-2.782217,-0.9099376,-0.007596254,-2.797067,-0.8992212,-0.003225565,-2.750107,17:08:34,MediumOverlap(Clone) (UnityEngine.GameObject),2.670354,1.396263,,-0.152371,-0.007596254,0.067783,-0.1599376,-0.007596254,0.052933,-0.1492212,-0.003225565,0.099893,,0.166940588
62,,-0.8644281,-0.007596254,-2.728388,-0.8780524,-0.007596254,-2.740655,-0.9077541,0.09612799,-2.714554,17:05:10,SmallOverlap(Clone) (UnityEngine.GameObject),2.303835,1.396263,,-0.1144281,-0.007596254,0.121612,-0.1280524,-0.007596254,0.109345,-0.1577541,0.09612799,0.135446,,0.167155531
105,,-0.8934211,-0.01703721,-2.765479,-0.8843438,-0.01703721,-2.751502,-0.8877653,-0.02581859,-2.739156,17:07:37,MediumOverlap(Clone) (UnityEngine.GameObject),2.565634,1.308997,,-0.1434211,-0.01703721,0.084521,-0.1343438,-0.01703721,0.098498,-0.1377653,-0.02581859,0.110844,,0.167342995
38,,-0.6859385,-0.007596254,-2.694835,-0.6720307,-0.007596254,-2.700454,-0.6761034,-0.01304507,-2.674388,17:03:33,LargeOverlap(Clone) (UnityEngine.GameObject),1.186824,1.396263,,0.0640615,-0.007596254,0.155165,0.0779693,-0.007596254,0.149546,0.0738966,-0.01304507,0.175612,,0.168040936
36,,-0.7470155,-0.01703721,-2.682275,-0.7320178,-0.01703721,-2.682537,-0.7451631,-0.009003639,-2.68207,17:03:27,LargeOverlap(Clone) (UnityEngine.GameObject),1.553343,1.308997,,0.0029845,-0.01703721,0.167725,0.0179822,-0.01703721,0.167463,0.0048369,-0.009003639,0.16793,,0.168614499
56,,-0.6004312,-0.007596254,-2.772137,-0.591543,-0.007596254,-2.788172,-0.5263352,0.0785737,-2.732342,17:04:49,SmallOverlap(Clone) (UnityEngine.GameObject),0.5061455,1.396263,,0.1495688,-0.007596254,0.077863,0.158457,-0.007596254,0.061828,0.2236648,0.0785737,0.117658,,0.168793293
64,,-0.8380767,-0.03015381,-2.709034,-0.8237906,-0.03015381,-2.70045,-0.8169896,-0.04412174,-2.697141,17:05:17,MediumOverlap(Clone) (UnityEngine.GameObject),2.111848,1.22173,,-0.0880767,-0.03015381,0.140966,-0.0737906,-0.03015381,0.14955,-0.0669896,-0.04412174,0.152859,,0.168932444
50,,-0.7291591,-0.03015381,-2.6847,-0.7142709,-0.03015381,-2.686528,-0.7539635,0.0998919,-2.662964,17:04:22,LargeOverlap(Clone) (UnityEngine.GameObject),1.448623,1.22173,,0.0208409,-0.03015381,0.1653,0.0357291,-0.03015381,0.163472,-0.0039635,0.0998919,0.187036,,0.169315343
111,,-0.9143854,-0.01703721,-2.811914,-0.9097915,-0.01703721,-2.795893,-0.9592102,0.08208656,-2.724711,17:07:57,MediumOverlap(Clone) (UnityEngine.GameObject),2.86234,1.308997,,-0.1643854,-0.01703721,0.038086,-0.1597915,-0.01703721,0.054107,-0.2092102,0.08208656,0.125289,,0.16959767
58,,-0.5848169,-0.007596254,-2.810928,-0.5805033,-0.007596254,-2.827027,-0.5311545,0.08591318,-2.734638,17:04:57,MediumOverlap(Clone) (UnityEngine.GameObject),0.2617994,1.396263,,0.1651831,-0.007596254,0.039072,0.1694967,-0.007596254,0.022973,0.2188455,0.08591318,0.115362,,0.169911097
72,,-0.581588,-0.007596254,-2.826489,-0.5847715,-0.007596254,-2.808434,-0.5851009,-0.006317139,-2.80822,17:05:43,SmallOverlap(Clone) (UnityEngine.GameObject),0.1745329,1.396263,,0.168412,-0.007596254,0.023511,0.1652285,-0.007596254,0.041566,0.1648991,-0.006317139,0.04178,,0.170214782
2,,-0.9200733,-0.007596254,-2.868356,-0.9216412,-0.007596254,-2.853439,-0.918662,-0.01676369,-2.842041,17:01:14,LargeOverlap(Clone) (UnityEngine.GameObject),3.246312,1.396263,,-0.1700733,-0.007596254,-0.018356,-0.1716412,-0.007596254,-0.003439,-0.168662,-0.01676369,0.007959,,0.171229592
144,,-0.5840697,-0.03015381,-2.820089,-0.5796344,-0.03015381,-2.837878,-0.5629362,0.09049749,-2.769763,17:09:49,SmallOverlap(Clone) (UnityEngine.GameObject),0.2443461,1.22173,,0.1659303,-0.03015381,0.029911,0.1703656,-0.03015381,0.012122,0.1870638,0.09049749,0.080237,,0.171279843
139,,-0.9207757,-0.01703721,-2.852129,-0.9217352,-0.01703721,-2.870437,-0.966988,0.08325839,-2.833133,17:09:31,SmallOverlap(Clone) (UnityEngine.GameObject),3.089233,1.308997,,-0.1707757,-0.01703721,-0.002129,-0.1717352,-0.01703721,-0.020437,-0.216988,0.08325839,0.016867,,0.171636648
26,,-0.5790941,-0.01703721,-2.846461,-0.579734,-0.01703721,-2.828139,-0.1980269,-0.1927791,-2.785661,17:02:48,SmallOverlap(Clone) (UnityEngine.GameObject),0.03490658,1.308997,,0.1709059,-0.01703721,0.003539,0.170266,-0.01703721,0.021861,0.5519731,-0.1927791,0.064339,,0.171789457
4,,-0.7559682,-0.007596254,-3.021572,-0.7393117,-0.007596254,-3.022154,-0.7562855,-0.01860809,-3.016217,17:01:26,MediumOverlap(Clone) (UnityEngine.GameObject),4.677482,1.396263,,-0.0059682,-0.007596254,-0.171572,0.0106883,-0.007596254,-0.172154,-0.0062855,-0.01860809,-0.166217,,0.171843748
11,,-0.6249311,-0.007596254,-2.967833,-0.6374344,-0.007596254,-2.981241,-0.530624,0.06703711,-3.024791,17:01:51,SmallOverlap(Clone) (UnityEngine.GameObject),5.532694,1.396263,,0.1250689,-0.007596254,-0.117833,0.1125656,-0.007596254,-0.131241,0.219376,0.06703711,-0.174791,,0.172001595
100,,-0.9203593,-0.007596254,-2.873131,-0.919052,-0.007596254,-2.888073,-0.948454,0.1040857,-2.841278,17:07:19,LargeOverlap(Clone) (UnityEngine.GameObject),3.228859,1.396263,,-0.1703593,-0.007596254,-0.023131,-0.169052,-0.007596254,-0.038073,-0.198454,0.1040857,0.008722,,0.172090201
15,,-0.6915111,-0.007596254,-3.012233,-0.6774157,-0.007596254,-3.007102,-0.6720766,0.0747509,-3.098165,17:02:07,LargeOverlap(Clone) (UnityEngine.GameObject),5.061455,1.396263,,0.0584889,-0.007596254,-0.162233,0.0725843,-0.007596254,-0.157102,0.0779234,0.0747509,-0.248165,,0.172621554
149,,-0.5802646,-0.007596254,-2.882652,-0.5822958,-0.007596254,-2.899194,-0.5943065,0.006261826,-2.865075,17:10:06,MediumOverlap(Clone) (UnityEngine.GameObject),6.161012,1.396263,,0.1697354,-0.007596254,-0.032652,0.1677042,-0.007596254,-0.049194,0.1556935,0.006261826,-0.015075,,0.173014341
42,,-0.5893031,-0.01703721,-2.912251,-0.5950035,-0.01703721,-2.927912,-0.5897826,-0.01119852,-2.900789,17:03:51,MediumOverlap(Clone) (UnityEngine.GameObject),5.934119,1.308997,,0.1606969,-0.01703721,-0.062251,0.1549965,-0.01703721,-0.077912,0.1602174,-0.01119852,-0.050789,,0.173173171
52,,-0.9205935,-0.03015381,-2.842659,-0.9195471,-0.03015381,-2.827696,-0.9822433,0.09157372,-2.811639,17:04:29,LargeOverlap(Clone) (UnityEngine.GameObject),3.071779,1.22173,,-0.1705935,-0.03015381,0.007341,-0.1695471,-0.03015381,0.022304,-0.2322433,0.09157372,0.038361,,0.173393439
21,,-0.6519127,-0.01703721,-2.99209,-0.6641999,-0.01703721,-3.000694,-0.5868715,0.08267736,-3.050044,17:02:29,LargeOverlap(Clone) (UnityEngine.GameObject),5.323254,1.308997,,0.0980873,-0.01703721,-0.14209,0.0858001,-0.01703721,-0.150694,0.1631285,0.08267736,-0.200044,,0.173496262
74,,-0.9210101,-0.03015381,-2.856321,-0.9210101,-0.03015381,-2.874655,-1.124722,0.02120686,-2.809137,17:05:50,SmallOverlap(Clone) (UnityEngine.GameObject),3.141593,1.22173,,-0.1710101,-0.03015381,-0.006321,-0.1710101,-0.03015381,-0.024655,-0.374722,0.02120686,0.040863,,0.173763234
165,,-0.5802646,-0.01703721,-2.88383,-0.5822958,-0.01703721,-2.900372,-0.5949261,-0.008962154,-2.86888,17:11:01,MediumOverlap(Clone) (UnityEngine.GameObject),6.161012,1.308997,,0.1697354,-0.01703721,-0.03383,0.1677042,-0.01703721,-0.050372,0.1550739,-0.008962154,-0.01888,,0.173910441
87,,-0.5903484,-0.007596254,-2.918565,-0.5969185,-0.007596254,-2.93568,-0.5974386,-0.01289988,-2.896677,17:06:34,SmallOverlap(Clone) (UnityEngine.GameObject),5.916666,1.396263,,0.1596516,-0.007596254,-0.068565,0.1530815,-0.007596254,-0.08568,0.1525614,-0.01289988,-0.046677,,0.173918072
75,,-0.6019009,-0.007596254,-2.941898,-0.6094009,-0.007596254,-2.954888,-0.4893149,0.0698626,-2.948915,17:05:53,LargeOverlap(Clone) (UnityEngine.GameObject),5.759586,1.396263,,0.1480991,-0.007596254,-0.091898,0.1405991,-0.007596254,-0.104888,0.2606851,0.0698626,-0.098915,,0.174459992
121,,-0.5799267,-0.03015381,-2.877655,-0.5818431,-0.03015381,-2.895887,-0.5888216,-0.005811691,-2.876012,17:08:31,SmallOverlap(Clone) (UnityEngine.GameObject),6.178465,1.22173,,0.1700733,-0.03015381,-0.027655,0.1681569,-0.03015381,-0.045887,0.1611784,-0.005811691,-0.026012,,0.174925638
46,,-0.6971549,-0.007596254,-3.01677,-0.714591,-0.007596254,-3.022435,-0.4270771,-0.3032165,-3.359829,17:04:06,SmallOverlap(Clone) (UnityEngine.GameObject),5.026548,1.396263,,0.0528451,-0.007596254,-0.16677,0.035409,-0.007596254,-0.172435,0.3229229,-0.3032165,-0.509829,,0.175107226
45,,-0.6004312,-0.03015381,-2.936925,-0.6093194,-0.03015381,-2.95296,-0.6043165,-0.03023124,-2.928158,17:04:02,SmallOverlap(Clone) (UnityEngine.GameObject),5.77704,1.22173,,0.1495688,-0.03015381,-0.086925,0.1406806,-0.03015381,-0.10296,0.1456835,-0.03023124,-0.078158,,0.175601919
53,,-0.8056754,-0.007596254,-3.016369,-0.7914926,-0.007596254,-3.021253,-0.8339202,0.1126194,-2.970452,17:04:33,LargeOverlap(Clone) (UnityEngine.GameObject),4.380776,1.396263,,-0.0556754,-0.007596254,-0.166369,-0.0414926,-0.007596254,-0.171253,-0.0839202,0.1126194,-0.120452,,0.1756021
65,,-0.6777281,-0.007596254,-3.010674,-0.6611124,-0.007596254,-3.002926,-0.6705554,0.1470928,-3.049567,17:05:20,SmallOverlap(Clone) (UnityEngine.GameObject),5.148721,1.396263,,0.0722719,-0.007596254,-0.160674,0.0888876,-0.007596254,-0.152926,0.0794446,0.1470928,-0.199567,,0.176343599
134,,-0.6004312,-0.007596254,-2.943631,-0.6077033,-0.007596254,-2.95675,-0.5978173,-0.005077124,-2.923947,17:09:15,LargeOverlap(Clone) (UnityEngine.GameObject),5.77704,1.396263,,0.1495688,-0.007596254,-0.093631,0.1422967,-0.007596254,-0.10675,0.1521827,-0.005077124,-0.073947,,0.176621893
178,,-0.9178681,-0.03015381,-2.89658,-0.914688,-0.03015381,-2.912941,-0.9087505,-0.01391172,-2.884703,17:11:45,MediumOverlap(Clone) (UnityEngine.GameObject),3.333579,1.22173,,-0.1678681,-0.03015381,-0.04658,-0.164688,-0.03015381,-0.062941,-0.1587505,-0.01391172,-0.034703,,0.176801153
51,,-0.6312064,-0.03015381,-2.977535,-0.6431954,-0.03015381,-2.989113,-0.6345112,-0.02097917,-2.96067,17:04:26,MediumOverlap(Clone) (UnityEngine.GameObject),5.480334,1.22173,,0.1187936,-0.03015381,-0.127535,0.1068046,-0.03015381,-0.139113,0.1154888,-0.02097917,-0.11067,,0.176879473
85,,-0.6777281,-0.007596254,-3.012125,-0.6943437,-0.007596254,-3.019872,-0.6715598,-0.01346421,-2.996105,17:06:28,SmallOverlap(Clone) (UnityEngine.GameObject),5.148721,1.396263,,0.0722719,-0.007596254,-0.162125,0.0556563,-0.007596254,-0.169872,0.0784402,-0.01346421,-0.146105,,0.177666672
68,,-0.7380709,-0.01703721,-3.026492,-0.7563596,-0.01703721,-3.027771,-0.7556586,0.108176,-3.039441,17:05:30,SmallOverlap(Clone) (UnityEngine.GameObject),4.782202,1.308997,,0.0119291,-0.01703721,-0.176492,-0.0063596,-0.01703721,-0.177771,-0.0056586,0.108176,-0.189441,,0.177713241
126,,-0.8883501,-0.01703721,-2.960675,-0.8785536,-0.01703721,-2.974159,-0.9288815,0.1017199,-2.892518,17:08:48,MediumOverlap(Clone) (UnityEngine.GameObject),3.769911,1.308997,,-0.1383501,-0.01703721,-0.110675,-0.1285536,-0.01703721,-0.124159,-0.1788815,0.1017199,-0.042518,,0.177988686
104,,-0.6019009,-0.03015381,-2.944056,-0.5935676,-0.03015381,-2.929622,-0.6106724,-0.02259541,-2.925701,17:07:33,MediumOverlap(Clone) (UnityEngine.GameObject),5.759586,1.22173,,0.1480991,-0.03015381,-0.094056,0.1564324,-0.03015381,-0.079622,0.1393276,-0.02259541,-0.075701,,0.178014401
97,,-0.6971549,-0.007596254,-3.020645,-0.6797189,-0.007596254,-3.01498,-0.6609099,0.09718633,-3.041291,17:07:08,SmallOverlap(Clone) (UnityEngine.GameObject),5.026548,1.396263,,0.0528451,-0.007596254,-0.170645,0.0702811,-0.007596254,-0.16498,0.0890901,0.09718633,-0.191291,,0.178801632
174,,-0.6034157,-0.01703721,-2.951738,-0.6128581,-0.01703721,-2.967453,-0.5682611,0.1134608,-2.95386,17:11:32,SmallOverlap(Clone) (UnityEngine.GameObject),5.742133,1.308997,,0.1465843,-0.01703721,-0.101738,0.1371419,-0.01703721,-0.117453,0.1817389,0.1134608,-0.10386,,0.179242417
84,,-0.7678754,-0.03015381,-3.027131,-0.7844508,-0.03015381,-3.025388,-0.7926009,0.1271577,-3.040062,17:06:24,MediumOverlap(Clone) (UnityEngine.GameObject),4.607669,1.22173,,-0.0178754,-0.03015381,-0.177131,-0.0344508,-0.03015381,-0.175388,-0.0426009,0.1271577,-0.190062,,0.180566257
118,,-0.6804439,-0.01703721,-3.015787,-0.6667408,-0.01703721,-3.009686,-0.6641653,0.1090078,-2.987137,17:08:21,LargeOverlap(Clone) (UnityEngine.GameObject),5.131268,1.308997,,0.0695561,-0.01703721,-0.165787,0.0832592,-0.01703721,-0.159686,0.0858347,0.1090078,-0.137137,,0.180592489
115,,-0.7796956,-0.01703721,-3.027751,-0.7632821,-0.01703721,-3.030646,-0.7723334,0.009888411,-3.009861,17:08:10,MediumOverlap(Clone) (UnityEngine.GameObject),4.537856,1.308997,,-0.0296956,-0.01703721,-0.177751,-0.0132821,-0.01703721,-0.180646,-0.0223334,0.009888411,-0.159861,,0.181017991
145,,-0.8112845,-0.007596254,-3.021182,-0.8252882,-0.007596254,-3.015806,-0.8433617,0.1075478,-3.025499,17:09:53,LargeOverlap(Clone) (UnityEngine.GameObject),4.34587,1.396263,,-0.0612845,-0.007596254,-0.171182,-0.0752882,-0.007596254,-0.165806,-0.0933617,0.1075478,-0.175499,,0.181980137
138,,-0.6887155,-0.03015381,-3.020662,-0.6715999,-0.03015381,-3.014092,-0.685935,-0.02245784,-2.992473,17:09:28,SmallOverlap(Clone) (UnityEngine.GameObject),5.078908,1.22173,,0.0612845,-0.03015381,-0.170662,0.0784001,-0.03015381,-0.164092,0.064065,-0.02245784,-0.142473,,0.183822089
176,,-0.6355719,-0.03015381,-2.990892,-0.6244248,-0.03015381,-2.980855,-0.6092815,0.1002045,-2.989819,17:11:39,LargeOverlap(Clone) (UnityEngine.GameObject),5.445427,1.22173,,0.1144281,-0.03015381,-0.140892,0.1255752,-0.03015381,-0.130855,0.1407185,0.1002045,-0.139819,,0.183993473
177,,-0.8552843,-0.03015381,-2.998635,-0.8684179,-0.03015381,-2.988374,-0.8563684,-0.01371455,-2.95714,17:11:42,MediumOverlap(Clone) (UnityEngine.GameObject),4.049164,1.22173,,-0.1052843,-0.03015381,-0.148635,-0.1184179,-0.03015381,-0.138374,-0.1063684,-0.01371455,-0.10714,,0.184625024
,,,,,,,,,,,,,,,,,,,,,,,,,,
