Trial Number,,Target Position X,Target Position Y,Target Position Z,Penalty Position X,Penalty Position Y,Penalty Position Z,Collision Position X,Collision Position Y,Collision Position Z,,Overlap Type,,,,,reltarx,reltary,reltarz,relpenx,relpeny,relpenz,relcollx,relxolly,relxollz,,,,,,,,,,,,,,
135,,-0.7304688,-0.01703721,-2.778033,-0.7126054,-0.01703721,-2.782157,-0.7407808,-0.0133183,-2.761274,,SmallOverlap(Clone) (UnityEngine.GameObject),,,,,0.0195312,-0.01703721,0.071967,0.0373946,-0.01703721,0.067843,0.0092192,-0.0133183,0.088726,,0.076491721,,,,,,,,,,,,
111,,-0.7680517,-0.007596254,-2.775385,-0.782724,-0.007596254,-2.778504,-0.7579441,-0.01278472,-2.762242,,LargeOverlap(Clone) (UnityEngine.GameObject),,,,,-0.0180517,-0.007596254,0.074615,-0.032724,-0.007596254,0.071496,-0.0079441,-0.01278472,0.087758,,0.077142499,,,,,,,,,,,,
110,,-0.7203044,-0.007596254,-2.778634,-0.7030767,-0.007596254,-2.784904,-0.7201744,-0.01960588,-2.751637,,SmallOverlap(Clone) (UnityEngine.GameObject),,,,,0.0296956,-0.007596254,0.071366,0.0469233,-0.007596254,0.065096,0.0298256,-0.01960588,0.098363,,0.077670057,,,,,,,,,,,,
104,,-0.7334332,-0.007596254,-2.774422,-0.7497936,-0.007596254,-2.771242,-0.7362451,-0.01335263,-2.7627,,MediumOverlap(Clone) (UnityEngine.GameObject),,,,,0.0165668,-0.007596254,0.075578,0.0002064,-0.007596254,0.078758,0.0137549,-0.01335263,0.0873,,0.077744428,,,,,,,,,,,,
163,,-0.8080966,-0.01703721,-2.800782,-0.8192438,-0.01703721,-2.810819,-0.7949651,-0.01806474,-2.776027,,LargeOverlap(Clone) (UnityEngine.GameObject),,,,,-0.0580966,-0.01703721,0.049218,-0.0692438,-0.01703721,0.039181,-0.0449651,-0.01806474,0.073973,,0.078024951,,,,,,,,,,,,
165,,-0.817475,-0.007596254,-2.810824,-0.8290126,-0.007596254,-2.825072,-0.8041087,-0.02159834,-2.779146,,SmallOverlap(Clone) (UnityEngine.GameObject),,,,,-0.067475,-0.007596254,0.039176,-0.0790126,-0.007596254,0.024928,-0.0541087,-0.02159834,0.070854,,0.078392204,,,,,,,,,,,,
154,,-0.7379164,-0.03015381,-2.77845,-0.7527704,-0.03015381,-2.776362,-0.7355316,-0.01829886,-2.756903,,LargeOverlap(Clone) (UnityEngine.GameObject),,,,,0.0120836,-0.03015381,0.07155,-0.0027704,-0.03015381,0.073638,0.0144684,-0.01829886,0.093097,,0.078579057,,,,,,,,,,,,
95,,-0.7920932,-0.007596254,-2.782898,-0.7760584,-0.007596254,-2.77401,-0.7902485,-0.01955533,-2.772257,,SmallOverlap(Clone) (UnityEngine.GameObject),,,,,-0.0420932,-0.007596254,0.067102,-0.0260584,-0.007596254,0.07599,-0.0402485,-0.01955533,0.077743,,0.079575241,,,,,,,,,,,,
103,,-0.6865008,-0.007596254,-2.800361,-0.6739975,-0.007596254,-2.81377,-0.6978998,-0.01250529,-2.792293,,SmallOverlap(Clone) (UnityEngine.GameObject),,,,,0.0634992,-0.007596254,0.049639,0.0760025,-0.007596254,0.03623,0.0521002,-0.01250529,0.057707,,0.080956049,,,,,,,,,,,,
82,,-0.7424328,-0.01703721,-2.771101,-0.7573757,-0.01703721,-2.769794,-0.7439945,-0.01102948,-2.763494,,LargeOverlap(Clone) (UnityEngine.GameObject),,,,,0.0075672,-0.01703721,0.078899,-0.0073757,-0.01703721,0.080206,0.0060055,-0.01102948,0.086506,,0.081071458,,,,,,,,,,,,
171,,-0.6930383,-0.03015381,-2.800489,-0.7043589,-0.03015381,-2.790648,-0.69403,-0.03329492,-2.762523,,LargeOverlap(Clone) (UnityEngine.GameObject),,,,,0.0569617,-0.03015381,0.049511,0.0456411,-0.03015381,0.059352,0.05597,-0.03329492,0.087477,,0.081272545,,,,,,,,,,,,
65,,-0.718885,-0.007596254,-2.774957,-0.7328887,-0.007596254,-2.769581,-0.7207999,-0.01123834,-2.773746,,LargeOverlap(Clone) (UnityEngine.GameObject),,,,,0.031115,-0.007596254,0.075043,0.0171113,-0.007596254,0.080419,0.0292001,-0.01123834,0.076254,,0.081592268,,,,,,,,,,,,
79,,-0.7880612,-0.01703721,-2.779288,-0.8030411,-0.01703721,-2.786594,-0.7845365,-0.02647948,-2.769778,,MediumOverlap(Clone) (UnityEngine.GameObject),,,,,-0.0380612,-0.01703721,0.070712,-0.0530411,-0.01703721,0.063406,-0.0345365,-0.02647948,0.080222,,0.082092073,,,,,,,,,,,,
166,,-0.831588,-0.007596254,-2.835852,-0.8378583,-0.007596254,-2.85308,-0.8094757,-0.007880926,-2.807216,,SmallOverlap(Clone) (UnityEngine.GameObject),,,,,-0.081588,-0.007596254,0.014148,-0.0878583,-0.007596254,-0.00308,-0.0594757,-0.007880926,0.042784,,0.083153297,,,,,,,,,,,,
40,,-0.7217329,-0.007596254,-2.771455,-0.70755,-0.007596254,-2.776339,-0.7312375,-0.0173285,-2.761588,,LargeOverlap(Clone) (UnityEngine.GameObject),,,,,0.0282671,-0.007596254,0.078545,0.04245,-0.007596254,0.073661,0.0187625,-0.0173285,0.088412,,0.083821531,,,,,,,,,,,,
142,,-0.6706823,-0.01703721,-2.827996,-0.6767833,-0.01703721,-2.814292,-0.6752367,-0.01185226,-2.797192,,LargeOverlap(Clone) (UnityEngine.GameObject),,,,,0.0793177,-0.01703721,0.022004,0.0732167,-0.01703721,0.035708,0.0747633,-0.01185226,0.052808,,0.084057957,,,,,,,,,,,,
59,,-0.8103131,-0.01703721,-2.792908,-0.8223021,-0.01703721,-2.804486,-0.7944664,-0.01776505,-2.780894,,MediumOverlap(Clone) (UnityEngine.GameObject),,,,,-0.0603131,-0.01703721,0.057092,-0.0723021,-0.01703721,0.045514,-0.0444664,-0.01776505,0.069106,,0.08477873,,,,,,,,,,,,
148,,-0.6788778,-0.03015381,-2.81409,-0.6893934,-0.03015381,-2.799073,-0.6778525,-0.02490306,-2.785202,,SmallOverlap(Clone) (UnityEngine.GameObject),,,,,0.0711222,-0.03015381,0.03591,0.0606066,-0.03015381,0.050927,0.0721475,-0.02490306,0.064798,,0.085188894,,,,,,,,,,,,
18,,-0.7530301,-0.007596254,-2.764778,-0.768021,-0.007596254,-2.765302,-0.7478496,-0.0135591,-2.769884,,LargeOverlap(Clone) (UnityEngine.GameObject),,,,,-0.0030301,-0.007596254,0.085222,-0.018021,-0.007596254,0.084698,0.0021504,-0.0135591,0.080116,,0.085613514,,,,,,,,,,,,
62,,-0.6755772,-0.01703721,-2.811,-0.6669933,-0.01703721,-2.825286,-0.6885023,-0.0136838,-2.803108,,MediumOverlap(Clone) (UnityEngine.GameObject),,,,,0.0744228,-0.01703721,0.039,0.0830067,-0.01703721,0.024714,0.0614977,-0.0136838,0.046892,,0.085732256,,,,,,,,,,,,
100,,-0.668412,-0.01703721,-2.82958,-0.6746824,-0.01703721,-2.812352,-0.6827829,-0.01359272,-2.814667,,SmallOverlap(Clone) (UnityEngine.GameObject),,,,,0.081588,-0.01703721,0.02042,0.0753176,-0.01703721,0.037648,0.0672171,-0.01359272,0.035333,,0.085812847,,,,,,,,,,,,
72,,-0.7275283,-0.03015381,-2.772819,-0.7452369,-0.03015381,-2.768074,-0.7300888,-0.01338911,-2.757988,,SmallOverlap(Clone) (UnityEngine.GameObject),,,,,0.0224717,-0.03015381,0.077181,0.0047631,-0.03015381,0.081926,0.0199112,-0.01338911,0.092012,,0.085855322,,,,,,,,,,,,
70,,-0.7133065,-0.03015381,-2.777802,-0.6966909,-0.03015381,-2.78555,-0.7106017,-0.02955246,-2.752272,,SmallOverlap(Clone) (UnityEngine.GameObject),,,,,0.0366935,-0.03015381,0.072198,0.0533091,-0.03015381,0.06445,0.0393983,-0.02955246,0.097728,,0.086418843,,,,,,,,,,,,
139,,-0.8251919,-0.03015381,-2.819599,-0.8160252,-0.03015381,-2.803722,-0.813562,-0.02062559,-2.796093,,SmallOverlap(Clone) (UnityEngine.GameObject),,,,,-0.0751919,-0.03015381,0.030401,-0.0660252,-0.03015381,0.046278,-0.063562,-0.02062559,0.053907,,0.086529156,,,,,,,,,,,,
157,,-0.6650732,-0.01703721,-2.846684,-0.661608,-0.01703721,-2.862986,-0.6783835,-0.005176544,-2.818581,,MediumOverlap(Clone) (UnityEngine.GameObject),,,,,0.0849268,-0.01703721,0.003316,0.088392,-0.01703721,-0.012986,0.0716165,-0.005176544,0.031419,,0.086682315,,,,,,,,,,,,
19,,-0.8330303,-0.007596254,-2.826252,-0.8374159,-0.007596254,-2.840596,-0.8410711,-0.01590443,-2.815497,,LargeOverlap(Clone) (UnityEngine.GameObject),,,,,-0.0830303,-0.007596254,0.023748,-0.0874159,-0.007596254,0.009404,-0.0910711,-0.01590443,0.034503,,0.086693144,,,,,,,,,,,,
10,,-0.8228168,-0.007596254,-2.803557,-0.8137395,-0.007596254,-2.789579,-0.8246014,-0.01661873,-2.80456,,MediumOverlap(Clone) (UnityEngine.GameObject),,,,,-0.0728168,-0.007596254,0.046443,-0.0637395,-0.007596254,0.060421,-0.0746014,-0.01661873,0.04544,,0.086700298,,,,,,,,,,,,
141,,-0.8363485,-0.007596254,-2.854151,-0.8344321,-0.007596254,-2.835918,-0.8265876,-0.01393223,-2.828704,,SmallOverlap(Clone) (UnityEngine.GameObject),,,,,-0.0863485,-0.007596254,-0.004151,-0.0844321,-0.007596254,0.014082,-0.0765876,-0.01393223,0.021296,,0.086781319,,,,,,,,,,,,
11,,-0.6632949,-0.007596254,-2.855471,-0.66408,-0.007596254,-2.87045,-0.6529427,0.001519918,-2.841955,,LargeOverlap(Clone) (UnityEngine.GameObject),,,,,0.0867051,-0.007596254,-0.005471,0.08592,-0.007596254,-0.02045,0.0970573,0.001519918,0.008045,,0.087208998,,,,,,,,,,,,
20,,-0.8113939,-0.01703721,-2.790324,-0.8220005,-0.01703721,-2.800931,-0.7993223,-0.01694465,-2.785753,,LargeOverlap(Clone) (UnityEngine.GameObject),,,,,-0.0613939,-0.01703721,0.059676,-0.0720005,-0.01703721,0.049069,-0.0493223,-0.01694465,0.064247,,0.087296635,,,,,,,,,,,,
52,,-0.75,-0.03015381,-2.767849,-0.7333333,-0.03015381,-2.767849,-0.7464569,-0.01794672,-2.758209,,MediumOverlap(Clone) (UnityEngine.GameObject),,,,,0,-0.03015381,0.082151,0.0166667,-0.03015381,0.082151,0.0035431,-0.01794672,0.091791,,0.087510223,,,,,,,,,,,,
120,,-0.6636515,-0.01703721,-2.852196,-0.6652194,-0.01703721,-2.837278,-0.6805921,-0.02193379,-2.825494,,LargeOverlap(Clone) (UnityEngine.GameObject),,,,,0.0863485,-0.01703721,-0.002196,0.0847806,-0.01703721,0.012722,0.0694079,-0.02193379,0.024506,,0.088040629,,,,,,,,,,,,
68,,-0.8359792,-0.007596254,-2.86839,-0.8385307,-0.007596254,-2.850235,-0.8246686,-0.008895874,-2.856612,,SmallOverlap(Clone) (UnityEngine.GameObject),,,,,-0.0859792,-0.007596254,-0.01839,-0.0885307,-0.007596254,-0.000235,-0.0746686,-0.008895874,-0.006612,,0.088251448,,,,,,,,,,,,
2,,-0.8310573,-0.01703721,-2.881301,-0.8244872,-0.01703721,-2.898417,-0.8181857,-0.01103663,-2.869755,,SmallOverlap(Clone) (UnityEngine.GameObject),,,,,-0.0810573,-0.01703721,-0.031301,-0.0744872,-0.01703721,-0.048417,-0.0681857,-0.01103663,-0.019755,,0.088545497,,,,,,,,,,,,
7,,-0.831588,-0.01703721,-2.880287,-0.8372883,-0.01703721,-2.864625,-0.8201031,-0.006282806,-2.874589,,MediumOverlap(Clone) (UnityEngine.GameObject),,,,,-0.081588,-0.01703721,-0.030287,-0.0872883,-0.01703721,-0.014625,-0.0701031,-0.006282806,-0.024589,,0.088680159,,,,,,,,,,,,
96,,-0.6706823,-0.03015381,-2.823601,-0.6645812,-0.03015381,-2.837304,-0.6790326,-0.03702307,-2.821391,,LargeOverlap(Clone) (UnityEngine.GameObject),,,,,0.0793177,-0.03015381,0.026399,0.0854188,-0.03015381,0.012696,0.0709674,-0.03702307,0.028609,,0.088867637,,,,,,,,,,,,
175,,-0.6665393,-0.03015381,-2.842448,-0.661486,-0.03015381,-2.860071,-0.6700191,-0.00950408,-2.809229,,SmallOverlap(Clone) (UnityEngine.GameObject),,,,,0.0834607,-0.03015381,0.007552,0.088514,-0.03015381,-0.010071,0.0799809,-0.00950408,0.040771,,0.089061627,,,,,,,,,,,,
41,,-0.7001997,-0.03015381,-2.782515,-0.7138523,-0.03015381,-2.772956,-0.687968,-0.03286695,-2.777954,,MediumOverlap(Clone) (UnityEngine.GameObject),,,,,0.0498003,-0.03015381,0.067485,0.0361477,-0.03015381,0.077044,0.062032,-0.03286695,0.072046,,0.089126581,,,,,,,,,,,,
33,,-0.7866935,-0.03015381,-2.774253,-0.7715883,-0.03015381,-2.76721,-0.7887071,-0.02025819,-2.772849,,MediumOverlap(Clone) (UnityEngine.GameObject),,,,,-0.0366935,-0.03015381,0.075747,-0.0215883,-0.03015381,0.08279,-0.0387071,-0.02025819,0.077151,,0.089405107,,,,,,,,,,,,
102,,-0.6650732,-0.007596254,-2.877552,-0.6619545,-0.007596254,-2.86288,-0.6799903,-0.01248097,-2.858813,,LargeOverlap(Clone) (UnityEngine.GameObject),,,,,0.0849268,-0.007596254,-0.027552,0.0880455,-0.007596254,-0.01288,0.0700097,-0.01248097,-0.008813,,0.089606792,,,,,,,,,,,,
27,,-0.706588,-0.01703721,-2.927555,-0.7195783,-0.01703721,-2.935055,-0.7061818,-0.000211,-2.913548,,LargeOverlap(Clone) (UnityEngine.GameObject),,,,,0.043412,-0.01703721,-0.077555,0.0304217,-0.01703721,-0.085055,0.0438182,-0.000211,-0.063548,,0.090496665,,,,,,,,,,,,
23,,-0.8113939,-0.03015381,-2.790592,-0.8007873,-0.03015381,-2.779985,-0.8111746,-0.01821542,-2.791419,,LargeOverlap(Clone) (UnityEngine.GameObject),,,,,-0.0613939,-0.03015381,0.059408,-0.0507873,-0.03015381,0.070015,-0.0611746,-0.01821542,0.058581,,0.090596764,,,,,,,,,,,,
14,,-0.745456,-0.03015381,-2.764498,-0.7604354,-0.03015381,-2.763712,-0.7425835,-0.01740456,-2.762949,,LargeOverlap(Clone) (UnityEngine.GameObject),,,,,0.004544,-0.03015381,0.085502,-0.0104354,-0.03015381,0.086288,0.0074165,-0.01740456,0.087051,,0.090777157,,,,,,,,,,,,
66,,-0.828037,-0.01703721,-2.894178,-0.8200002,-0.01703721,-2.910656,-0.8195894,-0.01885295,-2.867618,,SmallOverlap(Clone) (UnityEngine.GameObject),,,,,-0.078037,-0.01703721,-0.044178,-0.0700002,-0.01703721,-0.060656,-0.0695894,-0.01885295,-0.017618,,0.091278341,,,,,,,,,,,,
119,,-0.668412,-0.007596254,-2.89076,-0.6621417,-0.007596254,-2.873533,-0.6885945,-0.01072407,-2.875396,,SmallOverlap(Clone) (UnityEngine.GameObject),,,,,0.081588,-0.007596254,-0.04076,0.0878583,-0.007596254,-0.023533,0.0614055,-0.01072407,-0.025396,,0.091518754,,,,,,,,,,,,
4,,-0.7947177,-0.03015381,-2.924769,-0.8104324,-0.03015381,-2.915327,-0.7873936,-0.0142169,-2.922546,,SmallOverlap(Clone) (UnityEngine.GameObject),,,,,-0.0447177,-0.03015381,-0.074769,-0.0604324,-0.03015381,-0.065327,-0.0373936,-0.0142169,-0.072546,,0.092191802,,,,,,,,,,,,
12,,-0.8259381,-0.03015381,-2.893114,-0.8178579,-0.03015381,-2.907691,-0.8226224,-0.03332019,-2.874154,,MediumOverlap(Clone) (UnityEngine.GameObject),,,,,-0.0759381,-0.03015381,-0.043114,-0.0678579,-0.03015381,-0.057691,-0.0726224,-0.03332019,-0.024154,,0.092383247,,,,,,,,,,,,
64,,-0.7092385,-0.007596254,-2.932575,-0.6930512,-0.007596254,-2.923968,-0.7166452,0.003939629,-2.907652,,SmallOverlap(Clone) (UnityEngine.GameObject),,,,,0.0407615,-0.007596254,-0.082575,0.0569488,-0.007596254,-0.073968,0.0333548,0.003939629,-0.057652,,0.092400398,,,,,,,,,,,,
38,,-0.6640208,-0.03015381,-2.865452,-0.6661084,-0.03015381,-2.880306,-0.6578335,-0.01444387,-2.853746,,LargeOverlap(Clone) (UnityEngine.GameObject),,,,,0.0859792,-0.03015381,-0.015452,0.0838916,-0.03015381,-0.030306,0.0921665,-0.01444387,-0.003746,,0.092414498,,,,,,,,,,,,
16,,-0.676369,-0.03015381,-2.897378,-0.6860842,-0.03015381,-2.912926,-0.6681329,-0.02509665,-2.881531,,SmallOverlap(Clone) (UnityEngine.GameObject),,,,,0.073631,-0.03015381,-0.047378,0.0639158,-0.03015381,-0.062926,0.0818671,-0.02509665,-0.031531,,0.092603733,,,,,,,,,,,,
69,,-0.7515153,-0.007596254,-2.943218,-0.7365175,-0.007596254,-2.94348,-0.7517216,0.003068924,-2.91602,,LargeOverlap(Clone) (UnityEngine.GameObject),,,,,-0.0015153,-0.007596254,-0.093218,0.0134825,-0.007596254,-0.09348,-0.0017216,0.003068924,-0.06602,,0.093539268,,,,,,,,,,,,
84,,-0.6907861,-0.01703721,-2.921257,-0.677378,-0.01703721,-2.908754,-0.7004426,0.001344204,-2.897485,,SmallOverlap(Clone) (UnityEngine.GameObject),,,,,0.0592139,-0.01703721,-0.071257,0.072622,-0.01703721,-0.058754,0.0495574,0.001344204,-0.047485,,0.094202508,,,,,,,,,,,,
167,,-0.6633874,-0.03015381,-2.871686,-0.6622248,-0.03015381,-2.855059,-0.6604103,-0.0133357,-2.846058,,MediumOverlap(Clone) (UnityEngine.GameObject),,,,,0.0866126,-0.03015381,-0.021686,0.0877752,-0.03015381,-0.005059,0.0895897,-0.0133357,0.003942,,0.094240529,,,,,,,,,,,,
174,,-0.6706822,-0.007596254,-2.901603,-0.678139,-0.007596254,-2.918352,-0.6854576,0.008102655,-2.863824,,SmallOverlap(Clone) (UnityEngine.GameObject),,,,,0.0793178,-0.007596254,-0.051603,0.071861,-0.007596254,-0.068352,0.0645424,0.008102655,-0.013824,,0.094930954,,,,,,,,,,,,
57,,-0.6815817,-0.03015381,-2.908622,-0.6702945,-0.03015381,-2.894175,-0.6748754,-0.01664114,-2.89229,,SmallOverlap(Clone) (UnityEngine.GameObject),,,,,0.0684183,-0.03015381,-0.058622,0.0797055,-0.03015381,-0.044175,0.0751246,-0.01664114,-0.04229,,0.095009762,,,,,,,,,,,,
107,,-0.8325746,-0.03015381,-2.88681,-0.8382399,-0.03015381,-2.869374,-0.8193844,-0.02142048,-2.868577,,SmallOverlap(Clone) (UnityEngine.GameObject),,,,,-0.0825746,-0.03015381,-0.03681,-0.0882399,-0.03015381,-0.019374,-0.0693844,-0.02142048,-0.018577,,0.095303688,,,,,,,,,,,,
144,,-0.8251919,-0.01703721,-2.906898,-0.8168585,-0.01703721,-2.921332,-0.8370411,-0.02268457,-2.880039,,MediumOverlap(Clone) (UnityEngine.GameObject),,,,,-0.0751919,-0.01703721,-0.056898,-0.0668585,-0.01703721,-0.071332,-0.0870411,-0.02268457,-0.030039,,0.095819991,,,,,,,,,,,,
105,,-0.7160751,-0.007596254,-2.93968,-0.7007334,-0.007596254,-2.933168,-0.7257667,-0.002902985,-2.907022,,MediumOverlap(Clone) (UnityEngine.GameObject),,,,,0.0339249,-0.007596254,-0.08968,0.0492666,-0.007596254,-0.083168,0.0242333,-0.002902985,-0.057022,,0.096182661,,,,,,,,,,,,
106,,-0.7650768,-0.007596254,-2.945355,-0.7831316,-0.007596254,-2.942172,-0.766627,-0.006052971,-2.909015,,SmallOverlap(Clone) (UnityEngine.GameObject),,,,,-0.0150768,-0.007596254,-0.095355,-0.0331316,-0.007596254,-0.092172,-0.016627,-0.006052971,-0.059015,,0.096837952,,,,,,,,,,,,
92,,-0.8165112,-0.03015381,-2.914323,-0.826153,-0.03015381,-2.902832,-0.8131593,-0.01820469,-2.899586,,LargeOverlap(Clone) (UnityEngine.GameObject),,,,,-0.0665112,-0.03015381,-0.064323,-0.076153,-0.03015381,-0.052832,-0.0631593,-0.01820469,-0.049586,,0.097316187,,,,,,,,,,,,
161,,-0.682525,-0.01703721,-2.919768,-0.6919649,-0.01703721,-2.931425,-0.6988592,-0.003464222,-2.879512,,LargeOverlap(Clone) (UnityEngine.GameObject),,,,,0.067475,-0.01703721,-0.069768,0.0580351,-0.01703721,-0.081425,0.0511408,-0.003464222,-0.029512,,0.098542965,,,,,,,,,,,,
131,,-0.7119389,-0.01703721,-2.940264,-0.7254208,-0.01703721,-2.946839,-0.7192999,-0.01493573,-2.902976,,LargeOverlap(Clone) (UnityEngine.GameObject),,,,,0.0380611,-0.01703721,-0.090264,0.0245792,-0.01703721,-0.096839,0.0307001,-0.01493573,-0.052976,,0.099430898,,,,,,,,,,,,
160,,-0.8022521,-0.007596254,-2.934385,-0.8168937,-0.007596254,-2.923351,-0.7976962,-0.004033327,-2.888231,,SmallOverlap(Clone) (UnityEngine.GameObject),,,,,-0.0522521,-0.007596254,-0.084385,-0.0668937,-0.007596254,-0.073351,-0.0476962,-0.004033327,-0.038231,,0.099543022,,,,,,,,,,,,
126,,-0.801034,-0.03015381,-2.932023,-0.8145176,-0.03015381,-2.922226,-0.789905,-0.0221777,-2.919335,,MediumOverlap(Clone) (UnityEngine.GameObject),,,,,-0.051034,-0.03015381,-0.082023,-0.0645176,-0.03015381,-0.072226,-0.039905,-0.0221777,-0.069335,,0.101200267,,,,,,,,,,,,
112,,-0.7680517,-0.03015381,-2.945317,-0.7517493,-0.03015381,-2.948782,-0.7722398,-0.02258706,-2.914877,,MediumOverlap(Clone) (UnityEngine.GameObject),,,,,-0.0180517,-0.03015381,-0.095317,-0.0017493,-0.03015381,-0.098782,-0.0222398,-0.02258706,-0.064877,,0.101589599,,,,,,,,,,,,
178,,-0.7454837,-0.03015381,-2.737341,-0.7604746,-0.03015381,-2.736818,-0.7384706,-0.02207088,-2.706543,,LargeOverlap(Clone) (UnityEngine.GameObject),,,,,0.0045163,-0.03015381,0.112659,-0.0104746,-0.03015381,0.113182,0.0115294,-0.02207088,0.143457,,0.116712037,,,,,,,,,,,,
132,,-0.7724717,-0.01703721,-2.734871,-0.7888852,-0.01703721,-2.737765,-0.7685606,-0.01834106,-2.717292,,MediumOverlap(Clone) (UnityEngine.GameObject),,,,,-0.0224717,-0.01703721,0.115129,-0.0388852,-0.01703721,0.112235,-0.0185606,-0.01834106,0.132708,,0.118532403,,,,,,,,,,,,
162,,-0.6569105,-0.007596254,-2.775319,-0.6464907,-0.007596254,-2.786109,-0.6731718,-0.005321026,-2.747041,,LargeOverlap(Clone) (UnityEngine.GameObject),,,,,0.0930895,-0.007596254,0.074681,0.1035093,-0.007596254,0.063891,0.0768282,-0.005321026,0.102959,,0.119585157,,,,,,,,,,,,
133,,-0.7387212,-0.03015381,-2.7335,-0.7204576,-0.03015381,-2.735097,-0.7445739,-0.03196454,-2.691676,,SmallOverlap(Clone) (UnityEngine.GameObject),,,,,0.0112788,-0.03015381,0.1165,0.0295424,-0.03015381,0.114903,0.0054261,-0.03196454,0.158324,,0.120866511,,,,,,,,,,,,
130,,-0.84617,-0.007596254,-2.775557,-0.8584374,-0.007596254,-2.789181,-0.8366412,-0.01728129,-2.757931,,SmallOverlap(Clone) (UnityEngine.GameObject),,,,,-0.09617,-0.007596254,0.074443,-0.1084374,-0.007596254,0.060819,-0.0866412,-0.01728129,0.092069,,0.121852912,,,,,,,,,,,,
83,,-0.7387212,-0.007596254,-2.728759,-0.722118,-0.007596254,-2.730211,-0.7463301,-0.01747942,-2.72052,,MediumOverlap(Clone) (UnityEngine.GameObject),,,,,0.0112788,-0.007596254,0.121241,0.027882,-0.007596254,0.119789,0.0036699,-0.01747942,0.12948,,0.122001207,,,,,,,,,,,,
146,,-0.8223649,-0.03015381,-2.756395,-0.8085476,-0.03015381,-2.747075,-0.8203136,-0.02696371,-2.73953,,MediumOverlap(Clone) (UnityEngine.GameObject),,,,,-0.0723649,-0.03015381,0.093605,-0.0585476,-0.03015381,0.102925,-0.0703136,-0.02696371,0.11047,,0.122097613,,,,,,,,,,,,
67,,-0.8415064,-0.007596254,-2.764698,-0.8285427,-0.007596254,-2.751734,-0.8343519,-0.02091622,-2.745985,,SmallOverlap(Clone) (UnityEngine.GameObject),,,,,-0.0915064,-0.007596254,0.085302,-0.0785427,-0.007596254,0.098266,-0.0843519,-0.02091622,0.104015,,0.125329787,,,,,,,,,,,,
76,,-0.6617429,-0.01703721,-2.762386,-0.6507726,-0.01703721,-2.772616,-0.6709545,-0.01282692,-2.754104,,LargeOverlap(Clone) (UnityEngine.GameObject),,,,,0.0882571,-0.01703721,0.087614,0.0992274,-0.01703721,0.077384,0.0790455,-0.01282692,0.095896,,0.125522091,,,,,,,,,,,,
152,,-0.858532,-0.03015381,-2.793747,-0.8494546,-0.03015381,-2.779769,-0.844058,-0.0180974,-2.767445,,MediumOverlap(Clone) (UnityEngine.GameObject),,,,,-0.108532,-0.03015381,0.056253,-0.0994546,-0.03015381,0.070231,-0.094058,-0.0180974,0.082555,,0.125908091,,,,,,,,,,,,
43,,-0.7702441,-0.01703721,-2.726033,-0.7537826,-0.01703721,-2.723426,-0.7720645,-0.0176518,-2.727838,,MediumOverlap(Clone) (UnityEngine.GameObject),,,,,-0.0202441,-0.01703721,0.123967,-0.0037826,-0.01703721,0.126574,-0.0220645,-0.0176518,0.122162,,0.126759249,,,,,,,,,,,,
85,,-0.6357381,-0.01703721,-2.797089,-0.6271312,-0.01703721,-2.813277,-0.6524807,-0.004378796,-2.782908,,SmallOverlap(Clone) (UnityEngine.GameObject),,,,,0.1142619,-0.01703721,0.052911,0.1228688,-0.01703721,0.036723,0.0975193,-0.004378796,0.067092,,0.127065425,,,,,,,,,,,,
77,,-0.8296725,-0.03015381,-2.75514,-0.8441193,-0.03015381,-2.766427,-0.8276764,-0.03424573,-2.727203,,SmallOverlap(Clone) (UnityEngine.GameObject),,,,,-0.0796725,-0.03015381,0.09486,-0.0941193,-0.03015381,0.083573,-0.0776764,-0.03424573,0.122797,,0.127496585,,,,,,,,,,,,
35,,-0.826065,-0.01703721,-2.748426,-0.8139297,-0.01703721,-2.739609,-0.8246524,-0.01621294,-2.751297,,LargeOverlap(Clone) (UnityEngine.GameObject),,,,,-0.076065,-0.01703721,0.101574,-0.0639297,-0.01703721,0.110391,-0.0746524,-0.01621294,0.098703,,0.128036824,,,,,,,,,,,,
28,,-0.6439939,-0.01703721,-2.778223,-0.6334783,-0.01703721,-2.79324,-0.6453464,-0.01989508,-2.75855,,SmallOverlap(Clone) (UnityEngine.GameObject),,,,,0.1060061,-0.01703721,0.071777,0.1165217,-0.01703721,0.05676,0.1046536,-0.01989508,0.09145,,0.129149129,,,,,,,,,,,,
21,,-0.6668171,-0.01703721,-2.752665,-0.652773,-0.01703721,-2.764449,-0.6767462,-0.02483392,-2.742344,,SmallOverlap(Clone) (UnityEngine.GameObject),,,,,0.0831829,-0.01703721,0.097335,0.097227,-0.01703721,0.085551,0.0732538,-0.02483392,0.107656,,0.129165644,,,,,,,,,,,,
44,,-0.7036238,-0.03015381,-2.733121,-0.7176275,-0.03015381,-2.727746,-0.7011284,-0.02555823,-2.735377,,LargeOverlap(Clone) (UnityEngine.GameObject),,,,,0.0463762,-0.03015381,0.116879,0.0323725,-0.03015381,0.122254,0.0488716,-0.02555823,0.114623,,0.129308564,,,,,,,,,,,,
81,,-0.6209057,-0.007596254,-2.848471,-0.6220683,-0.007596254,-2.831845,-0.6237783,-0.005172968,-2.846795,,MediumOverlap(Clone) (UnityEngine.GameObject),,,,,0.1290943,-0.007596254,0.001529,0.1279317,-0.007596254,0.018155,0.1262217,-0.005172968,0.003205,,0.129326638,,,,,,,,,,,,
109,,-0.6207678,-0.007596254,-2.85336,-0.6199828,-0.007596254,-2.868339,-0.636579,-0.007977009,-2.824361,,LargeOverlap(Clone) (UnityEngine.GameObject),,,,,0.1292322,-0.007596254,-0.00336,0.1300172,-0.007596254,-0.018339,0.113421,-0.007977009,0.025639,,0.129498858,,,,,,,,,,,,
75,,-0.6225565,-0.01703721,-2.834472,-0.6254507,-0.01703721,-2.818058,-0.6380446,-0.006502628,-2.822245,,MediumOverlap(Clone) (UnityEngine.GameObject),,,,,0.1274435,-0.01703721,0.015528,0.1245493,-0.01703721,0.031942,0.1119554,-0.006502628,0.027755,,0.129511509,,,,,,,,,,,,
3,,-0.6215551,-0.007596254,-2.866029,-0.6235862,-0.007596254,-2.882571,-0.6288903,0.005483627,-2.865684,,MediumOverlap(Clone) (UnityEngine.GameObject),,,,,0.1284449,-0.007596254,-0.016029,0.1264138,-0.007596254,-0.032571,0.1211097,0.005483627,-0.015684,,0.12966389,,,,,,,,,,,,
22,,-0.8790943,-0.007596254,-2.860919,-0.8778154,-0.007596254,-2.879208,-0.8646486,-0.01041794,-2.850519,,SmallOverlap(Clone) (UnityEngine.GameObject),,,,,-0.1290943,-0.007596254,-0.010919,-0.1278154,-0.007596254,-0.029208,-0.1146486,-0.01041794,-0.000519,,0.129777756,,,,,,,,,,,,
121,,-0.8743964,-0.03015381,-2.82568,-0.8698025,-0.03015381,-2.809659,-0.8706494,-0.01710868,-2.801787,,MediumOverlap(Clone) (UnityEngine.GameObject),,,,,-0.1243964,-0.03015381,0.02432,-0.1198025,-0.03015381,0.040341,-0.1206494,-0.01710868,0.048213,,0.130288829,,,,,,,,,,,,
48,,-0.8533511,-0.03015381,-2.776426,-0.8643844,-0.03015381,-2.791068,-0.8404781,-0.01727843,-2.767657,,SmallOverlap(Clone) (UnityEngine.GameObject),,,,,-0.1033511,-0.03015381,0.073574,-0.1143844,-0.03015381,0.058932,-0.0904781,-0.01727843,0.082343,,0.130398756,,,,,,,,,,,,
29,,-0.763527,-0.03015381,-2.723855,-0.7469516,-0.03015381,-2.722113,-0.768851,-0.02344441,-2.726122,,MediumOverlap(Clone) (UnityEngine.GameObject),,,,,-0.013527,-0.03015381,0.126145,0.0030484,-0.03015381,0.127887,-0.018851,-0.02344441,0.123878,,0.130402427,,,,,,,,,,,,
63,,-0.8778163,-0.007596254,-2.876037,-0.8806843,-0.007596254,-2.857929,-0.8759779,-0.01616025,-2.860424,,SmallOverlap(Clone) (UnityEngine.GameObject),,,,,-0.1278163,-0.007596254,-0.026037,-0.1306843,-0.007596254,-0.007929,-0.1259779,-0.01616025,-0.010424,,0.130662294,,,,,,,,,,,,
50,,-0.8609256,-0.03015381,-2.787846,-0.8532,-0.03015381,-2.774988,-0.8464317,-0.02249789,-2.778431,,LargeOverlap(Clone) (UnityEngine.GameObject),,,,,-0.1109256,-0.03015381,0.062154,-0.1032,-0.03015381,0.075012,-0.0964317,-0.02249789,0.071569,,0.130678463,,,,,,,,,,,,
36,,-0.8533511,-0.03015381,-2.775317,-0.8623783,-0.03015381,-2.787297,-0.8439115,-0.01796055,-2.767726,,LargeOverlap(Clone) (UnityEngine.GameObject),,,,,-0.1033511,-0.03015381,0.074683,-0.1123783,-0.03015381,0.062703,-0.0939115,-0.01796055,0.082274,,0.131027679,,,,,,,,,,,,
123,,-0.8793898,-0.01703721,-2.86376,-0.8790699,-0.01703721,-2.88209,-0.8709933,-0.02277279,-2.828067,,SmallOverlap(Clone) (UnityEngine.GameObject),,,,,-0.1293898,-0.01703721,-0.01376,-0.1290699,-0.01703721,-0.03209,-0.1209933,-0.02277279,0.021933,,0.131230044,,,,,,,,,,,,
32,,-0.65383,-0.007596254,-2.939443,-0.6415626,-0.007596254,-2.925819,-0.6618431,0.004754066,-2.922579,,SmallOverlap(Clone) (UnityEngine.GameObject),,,,,0.09617,-0.007596254,-0.089443,0.1084374,-0.007596254,-0.075819,0.0881569,0.004754066,-0.072579,,0.131553876,,,,,,,,,,,,
101,,-0.6225565,-0.007596254,-2.881845,-0.6196623,-0.007596254,-2.865432,-0.6422038,-0.009104967,-2.861734,,MediumOverlap(Clone) (UnityEngine.GameObject),,,,,0.1274435,-0.007596254,-0.031845,0.1303377,-0.007596254,-0.015432,0.1077962,-0.009104967,-0.011734,,0.131581354,,,,,,,,,,,,
8,,-0.7275283,-0.03015381,-2.723233,-0.7127562,-0.03015381,-2.725837,-0.7379116,-0.02880812,-2.723579,,LargeOverlap(Clone) (UnityEngine.GameObject),,,,,0.0224717,-0.03015381,0.126767,0.0372438,-0.03015381,0.124163,0.0120884,-0.02880812,0.126421,,0.132227463,,,,,,,,,,,,
31,,-0.8185766,-0.01703721,-2.962502,-0.8312973,-0.01703721,-2.954553,-0.8117523,-0.006100655,-2.945868,,LargeOverlap(Clone) (UnityEngine.GameObject),,,,,-0.0685766,-0.01703721,-0.112502,-0.0812973,-0.01703721,-0.104553,-0.0617523,-0.006100655,-0.095868,,0.132852236,,,,,,,,,,,,
145,,-0.6215551,-0.01703721,-2.879361,-0.6235862,-0.01703721,-2.895903,-0.6449802,-0.01427269,-2.854212,,MediumOverlap(Clone) (UnityEngine.GameObject),,,,,0.1284449,-0.01703721,-0.029361,0.1264138,-0.01703721,-0.045903,0.1050198,-0.01427269,-0.004212,,0.13285491,,,,,,,,,,,,
151,,-0.6218499,-0.01703721,-2.882147,-0.6195303,-0.01703721,-2.865643,-0.6419691,-0.000108481,-2.857238,,MediumOverlap(Clone) (UnityEngine.GameObject),,,,,0.1281501,-0.01703721,-0.032147,0.1304697,-0.01703721,-0.015643,0.1080309,-0.000108481,-0.007238,,0.133214655,,,,,,,,,,,,
164,,-0.8765816,-0.007596254,-2.892287,-0.8734629,-0.007596254,-2.906959,-0.8838678,-0.0197928,-2.855595,,LargeOverlap(Clone) (UnityEngine.GameObject),,,,,-0.1265816,-0.007596254,-0.042287,-0.1234629,-0.007596254,-0.056959,-0.1338678,-0.0197928,-0.005595,,0.133674212,,,,,,,,,,,,
47,,-0.8242263,-0.01703721,-2.960222,-0.8092085,-0.01703721,-2.970738,-0.8148756,-0.009930372,-2.941359,,SmallOverlap(Clone) (UnityEngine.GameObject),,,,,-0.0742263,-0.01703721,-0.110222,-0.0592085,-0.01703721,-0.120738,-0.0648756,-0.009930372,-0.091359,,0.133972756,,,,,,,,,,,,
55,,-0.6703275,-0.01703721,-2.956968,-0.657194,-0.01703721,-2.946707,-0.6592377,-0.00400877,-2.941653,,MediumOverlap(Clone) (UnityEngine.GameObject),,,,,0.0796725,-0.01703721,-0.106968,0.092806,-0.01703721,-0.096707,0.0907623,-0.00400877,-0.091653,,0.134462362,,,,,,,,,,,,
170,,-0.875,-0.007596254,-2.899409,-0.8793136,-0.007596254,-2.88331,-0.8677301,-0.01669145,-2.86394,,MediumOverlap(Clone) (UnityEngine.GameObject),,,,,-0.125,-0.007596254,-0.049409,-0.1293136,-0.007596254,-0.03331,-0.1177301,-0.01669145,-0.01394,,0.134625229,,,,,,,,,,,,
56,,-0.7567728,-0.007596254,-2.984312,-0.7717522,-0.007596254,-2.983527,-0.7587904,-0.005819559,-2.960744,,LargeOverlap(Clone) (UnityEngine.GameObject),,,,,-0.0067728,-0.007596254,-0.134312,-0.0217522,-0.007596254,-0.133527,-0.0087904,-0.005819559,-0.110744,,0.13469702,,,,,,,,,,,,
25,,-0.8166509,-0.03015381,-2.963102,-0.8037934,-0.03015381,-2.970828,-0.8204421,-0.02665234,-2.941333,,LargeOverlap(Clone) (UnityEngine.GameObject),,,,,-0.0666509,-0.03015381,-0.113102,-0.0537934,-0.03015381,-0.120828,-0.0704421,-0.02665234,-0.091333,,0.134698393,,,,,,,,,,,,
54,,-0.8166509,-0.01703721,-2.965835,-0.830937,-0.01703721,-2.957251,-0.8274958,-0.008652925,-2.93431,,MediumOverlap(Clone) (UnityEngine.GameObject),,,,,-0.0666509,-0.01703721,-0.115835,-0.080937,-0.01703721,-0.107251,-0.0774958,-0.008652925,-0.08431,,0.134723258,,,,,,,,,,,,
124,,-0.6291858,-0.01703721,-2.907947,-0.6357559,-0.01703721,-2.925062,-0.6317734,-0.01899791,-2.880523,,SmallOverlap(Clone) (UnityEngine.GameObject),,,,,0.1208142,-0.01703721,-0.057947,0.1142441,-0.01703721,-0.075062,0.1182266,-0.01899791,-0.030523,,0.135071064,,,,,,,,,,,,
86,,-0.6466489,-0.01703721,-2.935813,-0.6576822,-0.01703721,-2.950455,-0.6596445,-0.000724316,-2.912253,,SmallOverlap(Clone) (UnityEngine.GameObject),,,,,0.1033511,-0.01703721,-0.085813,0.0923178,-0.01703721,-0.100455,0.0903555,-0.000724316,-0.062253,,0.135408963,,,,,,,,,,,,
80,,-0.6584936,-0.01703721,-2.948913,-0.64553,-0.01703721,-2.93595,-0.6758248,-0.01104569,-2.924484,,SmallOverlap(Clone) (UnityEngine.GameObject),,,,,0.0915064,-0.01703721,-0.098913,0.10447,-0.01703721,-0.08595,0.0741752,-0.01104569,-0.074484,,0.135821461,,,,,,,,,,,,
117,,-0.6256036,-0.03015381,-2.896522,-0.621469,-0.03015381,-2.882103,-0.6292793,-0.01413703,-2.872524,,LargeOverlap(Clone) (UnityEngine.GameObject),,,,,0.1243964,-0.03015381,-0.046522,0.128531,-0.03015381,-0.032103,0.1207207,-0.01413703,-0.022524,,0.13619109,,,,,,,,,,,,
74,,-0.7567728,-0.01703721,-2.986091,-0.7417934,-0.01703721,-2.986876,-0.7524535,-0.004571438,-2.957494,,LargeOverlap(Clone) (UnityEngine.GameObject),,,,,-0.0067728,-0.01703721,-0.136091,0.0082066,-0.01703721,-0.136876,-0.0024535,-0.004571438,-0.107494,,0.13732042,,,,,,,,,,,,
91,,-0.7057393,-0.007596254,-2.980029,-0.691644,-0.007596254,-2.974899,-0.7103642,0.004463673,-2.951042,,LargeOverlap(Clone) (UnityEngine.GameObject),,,,,0.0442607,-0.007596254,-0.130029,0.058356,-0.007596254,-0.124899,0.0396358,0.004463673,-0.101042,,0.137565452,,,,,,,,,,,,
60,,-0.8067294,-0.03015381,-2.971839,-0.7902515,-0.03015381,-2.979876,-0.8061315,-0.02267194,-2.945637,,SmallOverlap(Clone) (UnityEngine.GameObject),,,,,-0.0567294,-0.03015381,-0.121839,-0.0402515,-0.03015381,-0.129876,-0.0561315,-0.02267194,-0.095637,,0.137739678,,,,,,,,,,,,
136,,-0.6379281,-0.03015381,-2.927426,-0.6295947,-0.03015381,-2.912992,-0.6438633,-0.009803772,-2.893514,,MediumOverlap(Clone) (UnityEngine.GameObject),,,,,0.1120719,-0.03015381,-0.077426,0.1204053,-0.03015381,-0.062992,0.1061367,-0.009803772,-0.043514,,0.139513972,,,,,,,,,,,,
87,,-0.8107541,-0.03015381,-2.972284,-0.7945668,-0.03015381,-2.980891,-0.8132204,-0.01596117,-2.943098,,SmallOverlap(Clone) (UnityEngine.GameObject),,,,,-0.0607541,-0.03015381,-0.122284,-0.0445668,-0.03015381,-0.130891,-0.0632204,-0.01596117,-0.093098,,0.139834508,,,,,,,,,,,,
143,,-0.6650997,-0.007596254,-2.961066,-0.6789361,-0.007596254,-2.973093,-0.6855228,-0.005373716,-2.926022,,SmallOverlap(Clone) (UnityEngine.GameObject),,,,,0.0849003,-0.007596254,-0.111066,0.0710639,-0.007596254,-0.123093,0.0644772,-0.005373716,-0.076022,,0.140005073,,,,,,,,,,,,
180,,-0.8572854,-0.01703721,-2.939207,-0.8488975,-0.01703721,-2.951642,-0.8553988,-0.01438141,-2.890573,,LargeOverlap(Clone) (UnityEngine.GameObject),,,,,-0.1072854,-0.01703721,-0.089207,-0.0988975,-0.01703721,-0.101642,-0.1053988,-0.01438141,-0.040573,,0.140564264,,,,,,,,,,,,
125,,-0.7100102,-0.007596254,-2.984732,-0.7258612,-0.007596254,-2.989882,-0.7019366,0.01145792,-2.954576,,MediumOverlap(Clone) (UnityEngine.GameObject),,,,,0.0399898,-0.007596254,-0.134732,0.0241388,-0.007596254,-0.139882,0.0480634,0.01145792,-0.104576,,0.140746577,,,,,,,,,,,,
158,,-0.8331828,-0.03015381,-2.963972,-0.8446735,-0.03015381,-2.95433,-0.8311245,-0.01954532,-2.920707,,LargeOverlap(Clone) (UnityEngine.GameObject),,,,,-0.0831828,-0.03015381,-0.113972,-0.0946735,-0.03015381,-0.10433,-0.0811245,-0.01954532,-0.070707,,0.144285298,,,,,,,,,,,,
173,,-0.6994357,-0.007596254,-2.985322,-0.6856281,-0.007596254,-2.979461,-0.6974361,0.001028776,-2.939718,,LargeOverlap(Clone) (UnityEngine.GameObject),,,,,0.0505643,-0.007596254,-0.135322,0.0643719,-0.007596254,-0.129461,0.0525639,0.001028776,-0.089718,,0.144659929,,,,,,,,,,,,
169,,-0.6804439,-0.01703721,-2.709602,-0.6652182,-0.01703721,-2.716381,-0.6986381,-0.01751566,-2.680643,,MediumOverlap(Clone) (UnityEngine.GameObject),,,,,0.0695561,-0.01703721,0.140398,0.0847818,-0.01703721,0.133619,0.0513619,-0.01751566,0.169357,,0.15760684,,,,,,,,,,,,
150,,-0.7884689,-0.01703721,-2.697425,-0.8047084,-0.01703721,-2.701174,-0.7803101,-0.02916527,-2.674475,,MediumOverlap(Clone) (UnityEngine.GameObject),,,,,-0.0384689,-0.01703721,0.152575,-0.0547084,-0.01703721,0.148826,-0.0303101,-0.02916527,0.175525,,0.158269559,,,,,,,,,,,,
177,,-0.635572,-0.01703721,-2.739483,-0.6467192,-0.01703721,-2.729446,-0.6450782,-0.01597142,-2.719601,,LargeOverlap(Clone) (UnityEngine.GameObject),,,,,0.114428,-0.01703721,0.110517,0.1032808,-0.01703721,0.120554,0.1049218,-0.01597142,0.130399,,0.159993878,,,,,,,,,,,,
122,,-0.7115311,-0.01703721,-2.694802,-0.6969156,-0.01703721,-2.698176,-0.7212828,-0.02206635,-2.682006,,LargeOverlap(Clone) (UnityEngine.GameObject),,,,,0.0384689,-0.01703721,0.155198,0.0530844,-0.01703721,0.151824,0.0287172,-0.02206635,0.167994,,0.160799695,,,,,,,,,,,,
129,,-0.8302844,-0.01703721,-2.711077,-0.814097,-0.01703721,-2.70247,-0.8188547,-0.01615858,-2.699025,,SmallOverlap(Clone) (UnityEngine.GameObject),,,,,-0.0802844,-0.01703721,0.138923,-0.064097,-0.01703721,0.14753,-0.0688547,-0.01615858,0.150975,,0.161355047,,,,,,,,,,,,
149,,-0.672363,-0.03015381,-2.711607,-0.657513,-0.03015381,-2.719173,-0.6894301,-0.02831006,-2.693557,,MediumOverlap(Clone) (UnityEngine.GameObject),,,,,0.077637,-0.03015381,0.138393,0.092487,-0.03015381,0.130827,0.0605699,-0.02831006,0.156443,,0.161522068,,,,,,,,,,,,
108,,-0.7470155,-0.01703721,-2.689074,-0.728685,-0.01703721,-2.689394,-0.7489901,-0.02916265,-2.677693,,SmallOverlap(Clone) (UnityEngine.GameObject),,,,,0.0029845,-0.01703721,0.160926,0.021315,-0.01703721,0.160606,0.0010099,-0.02916265,0.172307,,0.161852869,,,,,,,,,,,,
134,,-0.8750688,-0.007596254,-2.745912,-0.8637022,-0.007596254,-2.733723,-0.8772097,-0.01905107,-2.710238,,MediumOverlap(Clone) (UnityEngine.GameObject),,,,,-0.1250688,-0.007596254,0.104088,-0.1137022,-0.007596254,0.116277,-0.1272097,-0.01905107,0.139762,,0.162893277,,,,,,,,,,,,
137,,-0.6593785,-0.03015381,-2.717797,-0.6735126,-0.03015381,-2.708965,-0.6668351,-0.02679491,-2.703157,,MediumOverlap(Clone) (UnityEngine.GameObject),,,,,0.0906215,-0.03015381,0.132203,0.0764874,-0.03015381,0.141035,0.0831649,-0.02679491,0.146843,,0.163092433,,,,,,,,,,,,
71,,-0.7796956,-0.007596254,-2.688183,-0.7616408,-0.007596254,-2.684999,-0.783712,-0.009804249,-2.684781,,SmallOverlap(Clone) (UnityEngine.GameObject),,,,,-0.0296956,-0.007596254,0.161817,-0.0116408,-0.007596254,0.165001,-0.033712,-0.009804249,0.165219,,0.164694484,,,,,,,,,,,,
88,,-0.7738,-0.03015381,-2.688764,-0.788654,-0.03015381,-2.690852,-0.7683981,-0.02676988,-2.677985,,LargeOverlap(Clone) (UnityEngine.GameObject),,,,,-0.0238,-0.03015381,0.161236,-0.038654,-0.03015381,0.159148,-0.0183981,-0.02676988,0.172015,,0.165749027,,,,,,,,,,,,
159,,-0.5925844,-0.007596254,-2.798114,-0.585421,-0.007596254,-2.81499,-0.6098349,-0.004932165,-2.770104,,SmallOverlap(Clone) (UnityEngine.GameObject),,,,,0.1574156,-0.007596254,0.051886,0.164579,-0.007596254,0.03501,0.1401651,-0.004932165,0.079896,,0.165920256,,,,,,,,,,,,
58,,-0.8406215,-0.007596254,-2.710231,-0.8561691,-0.007596254,-2.719946,-0.8275749,-0.01537418,-2.693512,,SmallOverlap(Clone) (UnityEngine.GameObject),,,,,-0.0906215,-0.007596254,0.139769,-0.1061691,-0.007596254,0.130054,-0.0775749,-0.01537418,0.156488,,0.166749311,,,,,,,,,,,,
99,,-0.5990071,-0.007596254,-2.778911,-0.6068316,-0.007596254,-2.764195,-0.605747,-0.02121043,-2.754352,,MediumOverlap(Clone) (UnityEngine.GameObject),,,,,0.1509929,-0.007596254,0.071089,0.1431684,-0.007596254,0.085805,0.144253,-0.02121043,0.095648,,0.167063476,,,,,,,,,,,,
37,,-0.7291591,-0.007596254,-2.683538,-0.7473558,-0.007596254,-2.681304,-0.7288407,-0.01427031,-2.664626,,SmallOverlap(Clone) (UnityEngine.GameObject),,,,,0.0208409,-0.007596254,0.166462,0.0026442,-0.007596254,0.168696,0.0211593,-0.01427031,0.185374,,0.16793345,,,,,,,,,,,,
97,,-0.8847578,-0.03015381,-2.753726,-0.8939927,-0.03015381,-2.765546,-0.8783345,-0.02446961,-2.733091,,LargeOverlap(Clone) (UnityEngine.GameObject),,,,,-0.1347578,-0.03015381,0.096274,-0.1439927,-0.03015381,0.084454,-0.1283345,-0.02446961,0.116909,,0.168337756,,,,,,,,,,,,
89,,-0.8770853,-0.03015381,-2.743769,-0.8882375,-0.03015381,-2.756155,-0.8626915,-0.02411914,-2.72388,,MediumOverlap(Clone) (UnityEngine.GameObject),,,,,-0.1270853,-0.03015381,0.106231,-0.1382375,-0.03015381,0.093845,-0.1126915,-0.02411914,0.12612,,0.168359589,,,,,,,,,,,,
98,,-0.6134253,-0.03015381,-2.756184,-0.603395,-0.03015381,-2.769495,-0.6217195,-0.03468657,-2.72581,,MediumOverlap(Clone) (UnityEngine.GameObject),,,,,0.1365747,-0.03015381,0.093816,0.146605,-0.03015381,0.080505,0.1282805,-0.03468657,0.12419,,0.1684142,,,,,,,,,,,,
46,,-0.6470836,-0.01703721,-2.71754,-0.6324419,-0.01703721,-2.728573,-0.6528509,-0.01242065,-2.711754,,SmallOverlap(Clone) (UnityEngine.GameObject),,,,,0.1029164,-0.01703721,0.13246,0.1175581,-0.01703721,0.121427,0.0971491,-0.01242065,0.138246,,0.16860517,,,,,,,,,,,,
114,,-0.6019009,-0.03015381,-2.775065,-0.5935676,-0.03015381,-2.789499,-0.6143624,-0.02215791,-2.756246,,MediumOverlap(Clone) (UnityEngine.GameObject),,,,,0.1480991,-0.03015381,0.074935,0.1564324,-0.03015381,0.060501,0.1356376,-0.02215791,0.093754,,0.168694546,,,,,,,,,,,,
155,,-0.9106969,-0.03015381,-2.806021,-0.9169673,-0.03015381,-2.823248,-0.8973794,-0.01334476,-2.773495,,SmallOverlap(Clone) (UnityEngine.GameObject),,,,,-0.1606969,-0.03015381,0.043979,-0.1669673,-0.03015381,0.026752,-0.1473794,-0.01334476,0.076505,,0.169313019,,,,,,,,,,,,
15,,-0.7913711,-0.007596254,-2.685352,-0.8091599,-0.007596254,-2.689787,-0.792156,-0.01809716,-2.689363,,SmallOverlap(Clone) (UnityEngine.GameObject),,,,,-0.0413711,-0.007596254,0.164648,-0.0591599,-0.007596254,0.160213,-0.042156,-0.01809716,0.160637,,0.169935973,,,,,,,,,,,,
78,,-0.918412,-0.007596254,-2.827539,-0.9213062,-0.007596254,-2.843952,-0.9107648,-0.01386786,-2.804857,,MediumOverlap(Clone) (UnityEngine.GameObject),,,,,-0.168412,-0.007596254,0.022461,-0.1713062,-0.007596254,0.006048,-0.1607648,-0.01386786,0.045143,,0.170072929,,,,,,,,,,,,
39,,-0.5864623,-0.007596254,-2.803455,-0.5811021,-0.007596254,-2.820987,-0.5972997,-0.006742001,-2.798354,,SmallOverlap(Clone) (UnityEngine.GameObject),,,,,0.1635377,-0.007596254,0.046545,0.1688979,-0.007596254,0.029013,0.1527003,-0.006742001,0.051646,,0.170201996,,,,,,,0,,,,,
45,,-0.8599232,-0.03015381,-2.72302,-0.8726906,-0.03015381,-2.733733,-0.8475149,-0.01918292,-2.708148,,MediumOverlap(Clone) (UnityEngine.GameObject),,,,,-0.1099232,-0.03015381,0.12698,-0.1226906,-0.03015381,0.116267,-0.0975149,-0.01918292,0.141852,,0.170634939,,,,,,,,,,,,
6,,-0.9207757,-0.007596254,-2.841566,-0.9199035,-0.007596254,-2.824922,-0.9080675,-0.003944874,-2.836622,,MediumOverlap(Clone) (UnityEngine.GameObject),,,,,-0.1707757,-0.007596254,0.008434,-0.1699035,-0.007596254,0.025078,-0.1580675,-0.003944874,0.013378,,0.171152491,,,,,,,,,,,,
9,,-0.6269857,-0.007596254,-2.969552,-0.6165658,-0.007596254,-2.958761,-0.6362321,0.006002426,-2.964284,,LargeOverlap(Clone) (UnityEngine.GameObject),,,,,0.1230143,-0.007596254,-0.119552,0.1334342,-0.007596254,-0.108761,0.1137679,0.006002426,-0.114284,,0.171705858,,,,,,,,,,,,
153,,-0.920984,-0.007596254,-2.867295,-0.9212749,-0.007596254,-2.850631,-0.9214783,-0.01736593,-2.835035,,MediumOverlap(Clone) (UnityEngine.GameObject),,,,,-0.170984,-0.007596254,-0.017295,-0.1712749,-0.007596254,-0.000631,-0.1714783,-0.01736593,0.014965,,0.172024267,,,,,,,,,,,,
13,,-0.7028633,-0.007596254,-3.015494,-0.7188843,-0.007596254,-3.020088,-0.6935072,-0.0119853,-3.018766,,MediumOverlap(Clone) (UnityEngine.GameObject),,,,,0.0471367,-0.007596254,-0.165494,0.0311157,-0.007596254,-0.170088,0.0564928,-0.0119853,-0.168766,,0.172243536,,,,,,,,,,,,
61,,-0.9178681,-0.007596254,-2.888239,-0.915006,-0.007596254,-2.902964,-0.9114876,-0.01699901,-2.877283,,LargeOverlap(Clone) (UnityEngine.GameObject),,,,,-0.1678681,-0.007596254,-0.038239,-0.165006,-0.007596254,-0.052964,-0.1614876,-0.01699901,-0.027283,,0.172335786,,,,,,,,,,,,
17,,-0.75,-0.007596254,-3.022469,-0.735,-0.007596254,-3.022469,-0.7522135,-0.01489258,-3.007484,,LargeOverlap(Clone) (UnityEngine.GameObject),,,,,0,-0.007596254,-0.172469,0.015,-0.007596254,-0.172469,-0.0022135,-0.01489258,-0.157484,,0.172636204,,,,,,,,,,,,
26,,-0.8750688,-0.007596254,-2.968903,-0.8852988,-0.007596254,-2.957933,-0.8691062,-0.01157141,-2.952895,,LargeOverlap(Clone) (UnityEngine.GameObject),,,,,-0.1250688,-0.007596254,-0.118903,-0.1352988,-0.007596254,-0.107933,-0.1191062,-0.01157141,-0.102895,,0.172736305,,,,,,,,,,,,
49,,-0.9178681,-0.01703721,-2.887021,-0.914688,-0.01703721,-2.903382,-0.9271542,-0.004463911,-2.885757,,MediumOverlap(Clone) (UnityEngine.GameObject),,,,,-0.1678681,-0.01703721,-0.037021,-0.164688,-0.01703721,-0.053382,-0.1771542,-0.004463911,-0.035757,,0.172744088,,,,,,,,,,,,
113,,-0.9203593,-0.03015381,-2.845572,-0.9218119,-0.03015381,-2.862175,-0.9174637,-0.03773761,-2.817288,,MediumOverlap(Clone) (UnityEngine.GameObject),,,,,-0.1703593,-0.03015381,0.004428,-0.1718119,-0.03015381,-0.012175,-0.1674637,-0.03773761,0.032712,,0.173064007,,,,,,,,,,,,
30,,-0.6019009,-0.01703721,-2.938161,-0.5927343,-0.01703721,-2.922284,-0.6106381,-0.00242281,-2.927468,,SmallOverlap(Clone) (UnityEngine.GameObject),,,,,0.1480991,-0.01703721,-0.088161,0.1572657,-0.01703721,-0.072284,0.1393619,-0.00242281,-0.077468,,0.173193452,,,,,,,,,,,,
53,,-0.5864623,-0.01703721,-2.904763,-0.5811021,-0.01703721,-2.88723,-0.5874047,0.001385927,-2.888517,,SmallOverlap(Clone) (UnityEngine.GameObject),,,,,0.1635377,-0.01703721,-0.054763,0.1688979,-0.01703721,-0.03723,0.1625953,0.001385927,-0.038517,,0.173302718,,,,,,,,,,,,
5,,-0.9135377,-0.03015381,-2.80043,-0.9081776,-0.03015381,-2.782898,-0.8993892,-0.02292848,-2.793999,,SmallOverlap(Clone) (UnityEngine.GameObject),,,,,-0.1635377,-0.03015381,0.04957,-0.1581776,-0.03015381,0.067102,-0.1493892,-0.02292848,0.056001,,0.173525262,,,,,,,,,,,,
24,,-0.7913711,-0.01703721,-3.018014,-0.7768167,-0.01703721,-3.021643,-0.7989188,-0.01163363,-2.998004,,LargeOverlap(Clone) (UnityEngine.GameObject),,,,,-0.0413711,-0.01703721,-0.168014,-0.0268167,-0.01703721,-0.171643,-0.0489188,-0.01163363,-0.148004,,0.173869315,,,,,,,,,,,,
128,,-0.9209059,-0.03015381,-2.867949,-0.9203824,-0.03015381,-2.88294,-0.9058554,-0.03194356,-2.839002,,LargeOverlap(Clone) (UnityEngine.GameObject),,,,,-0.1709059,-0.03015381,-0.017949,-0.1703824,-0.03015381,-0.03294,-0.1558554,-0.03194356,0.010998,,0.174471331,,,,,,,,,,,,
34,,-0.6750342,-0.01703721,-3.006731,-0.6600543,-0.01703721,-2.999424,-0.6657755,-0.008755445,-2.996317,,MediumOverlap(Clone) (UnityEngine.GameObject),,,,,0.0749658,-0.01703721,-0.156731,0.0899457,-0.01703721,-0.149424,0.0842245,-0.008755445,-0.146317,,0.174570169,,,,,,,,,,,,
90,,-0.9116932,-0.01703721,-2.91401,-0.9062671,-0.01703721,-2.929768,-0.8989734,-0.02202296,-2.893305,,MediumOverlap(Clone) (UnityEngine.GameObject),,,,,-0.1616932,-0.01703721,-0.06401,-0.1562671,-0.01703721,-0.079768,-0.1489734,-0.02202296,-0.043305,,0.174734763,,,,,,,,,,,,
42,,-0.835505,-0.01703721,-3.001839,-0.8225147,-0.01703721,-3.009339,-0.8358179,-0.01250315,-2.978105,,LargeOverlap(Clone) (UnityEngine.GameObject),,,,,-0.085505,-0.01703721,-0.151839,-0.0725147,-0.01703721,-0.159339,-0.0858179,-0.01250315,-0.128105,,0.175089844,,,,,,,,,,,,
51,,-0.74105,-0.007596254,-3.025354,-0.7227418,-0.007596254,-3.024395,-0.7361355,0.003129244,-3.001826,,SmallOverlap(Clone) (UnityEngine.GameObject),,,,,0.00895,-0.007596254,-0.175354,0.0272582,-0.007596254,-0.174395,0.0138645,0.003129244,-0.151826,,0.175746496,,,,,,,,,,,,
73,,-0.620937,-0.01703721,-2.968955,-0.6100028,-0.01703721,-2.956376,-0.6262295,0.002310753,-2.95123,,MediumOverlap(Clone) (UnityEngine.GameObject),,,,,0.129063,-0.01703721,-0.118955,0.1399972,-0.01703721,-0.106376,0.1237705,0.002310753,-0.10123,,0.17634573,,,,,,,,,,,,
115,,-0.5937745,-0.03015381,-2.930221,-0.5998756,-0.03015381,-2.943924,-0.6039537,-0.02895236,-2.905016,,LargeOverlap(Clone) (UnityEngine.GameObject),,,,,0.1562255,-0.03015381,-0.080221,0.1501244,-0.03015381,-0.093924,0.1460463,-0.02895236,-0.055016,,0.178188294,,,,,,,,,,,,
140,,-0.8865747,-0.007596254,-2.966016,-0.8765445,-0.007596254,-2.979327,-0.896273,-0.02023387,-2.94165,,MediumOverlap(Clone) (UnityEngine.GameObject),,,,,-0.1365747,-0.007596254,-0.116016,-0.1265445,-0.007596254,-0.129327,-0.146273,-0.02023387,-0.09165,,0.179360152,,,,,,,,,,,,
94,,-0.7144451,-0.007596254,-3.026005,-0.6981426,-0.007596254,-3.02254,-0.7167224,-0.0136857,-2.996029,,MediumOverlap(Clone) (UnityEngine.GameObject),,,,,0.0355549,-0.007596254,-0.176005,0.0518574,-0.007596254,-0.17254,0.0332776,-0.0136857,-0.146029,,0.179720934,,,,,,,,,,,,
179,,-0.6049752,-0.01703721,-2.957373,-0.612924,-0.01703721,-2.970094,-0.6188781,-0.0136435,-2.923114,,LargeOverlap(Clone) (UnityEngine.GameObject),,,,,0.1450248,-0.01703721,-0.107373,0.137076,-0.01703721,-0.120094,0.1311219,-0.0136435,-0.073114,,0.181249608,,,,,,,,,,,,
116,,-0.8329073,-0.01703721,-3.010316,-0.8168726,-0.01703721,-3.019204,-0.8294559,-0.01182795,-2.974301,,SmallOverlap(Clone) (UnityEngine.GameObject),,,,,-0.0829073,-0.01703721,-0.160316,-0.0668726,-0.01703721,-0.169204,-0.0794559,-0.01182795,-0.124301,,0.18128736,,,,,,,,,,,,
93,,-0.7913711,-0.03015381,-3.024529,-0.7735823,-0.03015381,-3.028964,-0.8062857,-0.02008319,-3.003537,,SmallOverlap(Clone) (UnityEngine.GameObject),,,,,-0.0413711,-0.03015381,-0.174529,-0.0235823,-0.03015381,-0.178964,-0.0562857,-0.02008319,-0.153537,,0.181882358,,,,,,,,,,,,
118,,-0.7738,-0.007596254,-3.030277,-0.7903045,-0.007596254,-3.027957,-0.7819117,-0.01860595,-3.011817,,MediumOverlap(Clone) (UnityEngine.GameObject),,,,,-0.0238,-0.007596254,-0.180277,-0.0403045,-0.007596254,-0.177957,-0.0319117,-0.01860595,-0.161817,,0.181999835,,,,,,,,,,,,
172,,-0.6249311,-0.01703721,-2.982733,-0.635161,-0.01703721,-2.993703,-0.6315711,0.003047228,-2.93919,,LargeOverlap(Clone) (UnityEngine.GameObject),,,,,0.1250689,-0.01703721,-0.132733,0.114839,-0.01703721,-0.143703,0.1184289,0.003047228,-0.08919,,0.18316808,,,,,,,,,,,,
156,,-0.6568612,-0.007596254,-3.008028,-0.6442812,-0.007596254,-2.999858,-0.6487237,0.007405043,-2.959412,,LargeOverlap(Clone) (UnityEngine.GameObject),,,,,0.0931388,-0.007596254,-0.158028,0.1057188,-0.007596254,-0.149858,0.1012763,0.007405043,-0.109412,,0.183590272,,,,,,,,,,,,
138,,-0.74105,-0.007596254,-3.033695,-0.7593582,-0.007596254,-3.034654,-0.7413982,0.000323534,-2.993517,,SmallOverlap(Clone) (UnityEngine.GameObject),,,,,0.00895,-0.007596254,-0.183695,-0.0093582,-0.007596254,-0.184654,0.0086018,0.000323534,-0.143517,,0.184069711,,,,,,,,,,,,
147,,-0.7619291,-0.007596254,-3.034363,-0.745303,-0.007596254,-3.035525,-0.770203,-0.01337647,-3.00689,,MediumOverlap(Clone) (UnityEngine.GameObject),,,,,-0.0119291,-0.007596254,-0.184363,0.004697,-0.007596254,-0.185525,-0.020203,-0.01337647,-0.15689,,0.18490463,,,,,,,,,,,,
176,,-0.8750688,-0.03015381,-2.983095,-0.8875722,-0.03015381,-2.969687,-0.871775,-0.0119648,-2.937472,,SmallOverlap(Clone) (UnityEngine.GameObject),,,,,-0.1250688,-0.03015381,-0.133095,-0.1375722,-0.03015381,-0.119687,-0.121775,-0.0119648,-0.087472,,0.185110065,,,,,,,,,,,,
127,,-0.785555,-0.03015381,-3.029168,-0.7676223,-0.03015381,-3.03298,-0.7914104,-0.01479268,-2.999512,,SmallOverlap(Clone) (UnityEngine.GameObject),,,,,-0.035555,-0.03015381,-0.179168,-0.0176223,-0.03015381,-0.18298,-0.0414104,-0.01479268,-0.149512,,0.185133958,,,,,,,,,,,,
168,,-0.7942607,-0.03015381,-3.030888,-0.8087496,-0.03015381,-3.027005,-0.8032272,-0.01660347,-3.007062,,LargeOverlap(Clone) (UnityEngine.GameObject),,,,,-0.0442607,-0.03015381,-0.180888,-0.0587496,-0.03015381,-0.177005,-0.0532272,-0.01660347,-0.157062,,0.188649756,,,,,,,,,,,,
,,,,,,,,,,,,,,,,,,,,,,,,,,,,,,,,,,,,,,,
,,,,,,,,,,,,,,,,,,,,,,,,,,,,,,,,,,,,,,,
,,,,,,,,,,,,,,,,,,,,,,,,,,,,,,,,,,,,,,,
,,,,,,,,,,,,,,,,,,,,,,,,,,,,,,,,,,,,,,,
