Trial Number,,Target Position X,Target Position Y,Target Position Z,Penalty Position X,Penalty Position Y,Penalty Position Z,Collision Position X,Collision Position Y,Collision Position Z,,reltarx,reltary,reltarz,relpenx,relpeny,relpenz,relcollx,relcolly,relcollz,,targetradius,,,,,,,,,,,,,,,,,
,,-0.8251919,-0.03015381,-2.893689,-0.8176919,-0.03015381,-2.90668,-0.8304127,-0.01599121,-2.889702,LargeOverlap(Clone) (UnityEngine.GameObject),-0.0751919,-0.03015381,-0.043689,-0.0676919,-0.03015381,-0.05668,-0.0804127,-0.01599121,-0.039702,,,,,,,,,,,,,,,,,,,
2,,-0.6777281,-0.01703721,-3.005436,-0.6641334,-0.01703721,-2.999096,-0.6786004,-0.01962137,-2.990079,LargeOverlap(Clone) (UnityEngine.GameObject),0.0722719,-0.01703721,-0.155436,0.0858666,-0.01703721,-0.149096,0.0713996,-0.01962137,-0.140079,,0.129460476,,,,,,,,,,,,,,,,,
3,,-0.7079068,-0.01703721,-2.926645,-0.6947876,-0.01703721,-2.919373,-0.7147971,-0.01165366,-2.91366,LargeOverlap(Clone) (UnityEngine.GameObject),0.0420932,-0.01703721,-0.076645,0.0552124,-0.01703721,-0.069373,0.0352029,-0.01165366,-0.06366,,0.092042397,,,,,,,,,,,,,,,,,
4,,-0.8682215,-0.007596254,-2.903486,-0.8743226,-0.007596254,-2.889782,-0.8612463,-0.01971579,-2.898875,LargeOverlap(Clone) (UnityEngine.GameObject),-0.1182215,-0.007596254,-0.053486,-0.1243226,-0.007596254,-0.039782,-0.1112463,-0.01971579,-0.048875,,0.173914829,,,,,,,,,,,,,,,,MediumOverlap(Clone) (UnityEngine.GameObject),
5,,-0.7880612,-0.01703721,-2.772898,-0.8015431,-0.01703721,-2.779474,-0.7824433,-0.01566625,-2.777297,LargeOverlap(Clone) (UnityEngine.GameObject),-0.0380612,-0.01703721,0.077102,-0.0515431,-0.01703721,0.070526,-0.0324433,-0.01566625,0.072703,,0.172260977,,,,,,,,,,,,,,,,SmallOverlap(Clone) (UnityEngine.GameObject),
6,,-0.6249312,-0.03015381,-2.734776,-0.6147012,-0.03015381,-2.745746,-0.635767,-0.02579975,-2.724159,LargeOverlap(Clone) (UnityEngine.GameObject),0.1250688,-0.03015381,0.115224,0.1352988,-0.03015381,0.104254,0.114233,-0.02579975,0.125841,,0.132564759,,,,,,,,,,,,,,,,LargeOverlap(Clone) (UnityEngine.GameObject),
7,,-0.7708409,-0.01703721,-2.68199,-0.7857291,-0.01703721,-2.683818,-0.759661,-0.01194096,-2.68591,LargeOverlap(Clone) (UnityEngine.GameObject),-0.0208409,-0.01703721,0.16801,-0.0357291,-0.01703721,0.166182,-0.009661,-0.01194096,0.16409,,0.171389847,,,,,,,,,,,,,,,,MediumOverlap(Clone) (UnityEngine.GameObject),
8,,-0.6617429,-0.01703721,-2.757179,-0.6507726,-0.01703721,-2.767409,-0.6718323,-0.01572537,-2.760857,LargeOverlap(Clone) (UnityEngine.GameObject),0.0882571,-0.01703721,0.092821,0.0992274,-0.01703721,0.082591,0.0781677,-0.01572537,0.089143,,0.089087373,,,,,,,,,,,,,,,,LargeOverlap(Clone) (UnityEngine.GameObject),
9,,-0.8755655,-0.007596254,-2.883382,-0.8791944,-0.007596254,-2.868827,-0.8671771,-0.004328251,-2.864836,LargeOverlap(Clone) (UnityEngine.GameObject),-0.1255655,-0.007596254,-0.033382,-0.1291944,-0.007596254,-0.018827,-0.1171771,-0.004328251,-0.014836,,0.131031435,,,,,,,,,,,,,,,,SmallOverlap(Clone) (UnityEngine.GameObject),
10,,-0.8338656,-0.007596254,-2.875042,-0.8377479,-0.007596254,-2.860553,-0.8225319,-0.01503515,-2.873108,LargeOverlap(Clone) (UnityEngine.GameObject),-0.0838656,-0.007596254,-0.025042,-0.0877479,-0.007596254,-0.010553,-0.0725319,-0.01503515,-0.023108,,0.129979915,,,,,,,,,,,,,,,,SmallOverlap(Clone) (UnityEngine.GameObject),
11,,-0.5914422,-0.03015381,-2.788999,-0.5858231,-0.03015381,-2.802907,-0.6026766,-0.02028847,-2.778973,LargeOverlap(Clone) (UnityEngine.GameObject),0.1585578,-0.03015381,0.061001,0.1641769,-0.03015381,0.047093,0.1473234,-0.02028847,0.071027,,0.087656374,,,,,,,,,,,,,,,,LargeOverlap(Clone) (UnityEngine.GameObject),
12,,-0.8687935,-0.007596254,-2.730339,-0.8795837,-0.007596254,-2.740759,-0.8559842,-0.01099086,-2.731755,LargeOverlap(Clone) (UnityEngine.GameObject),-0.1187935,-0.007596254,0.119661,-0.1295837,-0.007596254,0.109241,-0.1059842,-0.01099086,0.118245,,0.129641389,,,,,,,,,,,,,,,,MediumOverlap(Clone) (UnityEngine.GameObject),
13,,-0.6706822,-0.007596254,-2.888762,-0.6645811,-0.007596254,-2.875059,-0.6819969,-0.000159025,-2.876019,LargeOverlap(Clone) (UnityEngine.GameObject),0.0793178,-0.007596254,-0.038762,0.0854189,-0.007596254,-0.025059,0.0680031,-0.000159025,-0.026019,,0.132604966,,,,,,,,,,,,,,,,LargeOverlap(Clone) (UnityEngine.GameObject),
14,,-0.754544,-0.03015381,-2.766821,-0.7395646,-0.03015381,-2.766036,-0.7605617,-0.04197025,-2.75984,LargeOverlap(Clone) (UnityEngine.GameObject),-0.004544,-0.03015381,0.083179,0.0104354,-0.03015381,0.083964,-0.0105617,-0.04197025,0.09016,,0.170865613,,,,,,,,,,,,,,,,LargeOverlap(Clone) (UnityEngine.GameObject),
15,,-0.5856146,-0.007596254,-2.806507,-0.5897491,-0.007596254,-2.792088,-0.588738,-0.01872182,-2.806179,LargeOverlap(Clone) (UnityEngine.GameObject),0.1643854,-0.007596254,0.043493,0.1602509,-0.007596254,0.057912,0.161262,-0.01872182,0.043821,,0.132473522,,,,,,,,,,,,,,,,MediumOverlap(Clone) (UnityEngine.GameObject),
16,,-0.6859385,-0.007596254,-3.012595,-0.6720308,-0.007596254,-3.006976,-0.6938579,-0.0185411,-2.999205,LargeOverlap(Clone) (UnityEngine.GameObject),0.0640615,-0.007596254,-0.162595,0.0779692,-0.007596254,-0.156976,0.0561421,-0.0185411,-0.149205,,0.172707924,,,,,,,,,,,,,,,,MediumOverlap(Clone) (UnityEngine.GameObject),
17,,-0.7826303,-0.007596254,-2.686329,-0.7679058,-0.007596254,-2.683467,-0.7851604,-0.02076054,-2.690648,LargeOverlap(Clone) (UnityEngine.GameObject),-0.0326303,-0.007596254,0.163671,-0.0179058,-0.007596254,0.166533,-0.0351604,-0.02076054,0.159352,,0.172797919,,,,,,,,,,,,,,,,SmallOverlap(Clone) (UnityEngine.GameObject),
18,,-0.7319483,-0.03015381,-2.939198,-0.717276,-0.03015381,-2.936079,-0.7331579,-0.02432537,-2.918491,LargeOverlap(Clone) (UnityEngine.GameObject),0.0180517,-0.03015381,-0.089198,0.032724,-0.03015381,-0.086079,0.0168421,-0.02432537,-0.068491,,0.174338872,,,,,,,,,,,,,,,,SmallOverlap(Clone) (UnityEngine.GameObject),
19,,-0.9049878,-0.03015381,-2.926698,-0.911327,-0.03015381,-2.913104,-0.9067221,-0.01975012,-2.92508,LargeOverlap(Clone) (UnityEngine.GameObject),-0.1549878,-0.03015381,-0.076698,-0.161327,-0.03015381,-0.063104,-0.1567221,-0.01975012,-0.07508,,0.170152784,,,,,,,,,,,,,,,,LargeOverlap(Clone) (UnityEngine.GameObject),
20,,-0.7484847,-0.007596254,-2.941542,-0.733487,-0.007596254,-2.94128,-0.7529115,-0.01602721,-2.920937,LargeOverlap(Clone) (UnityEngine.GameObject),0.0015153,-0.007596254,-0.091542,0.016513,-0.007596254,-0.09128,-0.0029115,-0.01602721,-0.070937,,0.129210372,,,,,,,,,,,,,,,,SmallOverlap(Clone) (UnityEngine.GameObject),
21,,-0.8666286,-0.01703721,-2.980015,-0.8775989,-0.01703721,-2.969784,-0.8689656,-0.01257777,-2.980032,LargeOverlap(Clone) (UnityEngine.GameObject),-0.1166286,-0.01703721,-0.130015,-0.1275989,-0.01703721,-0.119784,-0.1189656,-0.01257777,-0.130032,,0.129282493,,,,,,,,,,,,,,,,MediumOverlap(Clone) (UnityEngine.GameObject),
22,,-0.6327152,-0.01703721,-2.909726,-0.6390544,-0.01703721,-2.923321,-0.6454917,-0.01768565,-2.897182,LargeOverlap(Clone) (UnityEngine.GameObject),0.1172848,-0.01703721,-0.059726,0.1109456,-0.01703721,-0.073321,0.1045083,-0.01768565,-0.047182,,0.08720909,,,,,,,,,,,,,,,,LargeOverlap(Clone) (UnityEngine.GameObject),
23,,-0.7768301,-0.01703721,-2.938075,-0.791096,-0.01703721,-2.93344,-0.7736897,-0.01000881,-2.918587,LargeOverlap(Clone) (UnityEngine.GameObject),-0.0268301,-0.01703721,-0.088075,-0.041096,-0.01703721,-0.08344,-0.0236897,-0.01000881,-0.068587,,0.130148975,,,,,,,,,,,,,,,,LargeOverlap(Clone) (UnityEngine.GameObject),
24,,-0.7522585,-0.007596254,-2.98496,-0.7372608,-0.007596254,-2.985222,-0.7670865,-0.006693363,-2.973958,LargeOverlap(Clone) (UnityEngine.GameObject),-0.0022585,-0.007596254,-0.13496,0.0127392,-0.007596254,-0.135222,-0.0170865,-0.006693363,-0.123958,,0.085856145,,,,,,,,,,,,,,,,SmallOverlap(Clone) (UnityEngine.GameObject),
25,,-0.8505701,-0.01703721,-2.774405,-0.8411303,-0.01703721,-2.762748,-0.8407066,-0.01198363,-2.76988,LargeOverlap(Clone) (UnityEngine.GameObject),-0.1005701,-0.01703721,0.075595,-0.0911303,-0.01703721,0.087252,-0.0907066,-0.01198363,0.08012,,0.089363337,,,,,,,,,,,,,,,,SmallOverlap(Clone) (UnityEngine.GameObject),
26,,-0.6617429,-0.03015381,-2.761278,-0.6727132,-0.03015381,-2.751048,-0.6663913,-0.0231142,-2.758188,LargeOverlap(Clone) (UnityEngine.GameObject),0.0882571,-0.03015381,0.088722,0.0772868,-0.03015381,0.098952,0.0836087,-0.0231142,0.091812,,0.090117126,,,,,,,,,,,,,,,,LargeOverlap(Clone) (UnityEngine.GameObject),
27,,-0.6276409,-0.01703721,-2.813953,-0.6325244,-0.01703721,-2.79977,-0.6225913,-0.01638055,-2.8049,LargeOverlap(Clone) (UnityEngine.GameObject),0.1223591,-0.01703721,0.036047,0.1174756,-0.01703721,0.05023,0.1274087,-0.01638055,0.0451,,0.170308842,,,,,,,,,,,,,,,,MediumOverlap(Clone) (UnityEngine.GameObject),
28,,-0.7947177,-0.01703721,-2.782185,-0.8075752,-0.01703721,-2.78991,-0.7952263,-0.01025367,-2.775926,LargeOverlap(Clone) (UnityEngine.GameObject),-0.0447177,-0.01703721,0.067815,-0.0575752,-0.01703721,0.06009,-0.0452263,-0.01025367,0.074074,,0.127832788,,,,,,,,,,,,,,,,SmallOverlap(Clone) (UnityEngine.GameObject),
29,,-0.7985514,-0.007596254,-2.928734,-0.7861159,-0.007596254,-2.937122,-0.8088533,-0.01083016,-2.905908,LargeOverlap(Clone) (UnityEngine.GameObject),-0.0485514,-0.007596254,-0.078734,-0.0361159,-0.007596254,-0.087122,-0.0588533,-0.01083016,-0.055908,,0.087853536,,,,,,,,,,,,,,,,MediumOverlap(Clone) (UnityEngine.GameObject),
30,,-0.8770319,-0.01703721,-2.832201,-0.8741698,-0.01703721,-2.817477,-0.8725526,-0.02859831,-2.8285,LargeOverlap(Clone) (UnityEngine.GameObject),-0.1270319,-0.01703721,0.017799,-0.1241698,-0.01703721,0.032523,-0.1225526,-0.02859831,0.0215,,0.08967148,,,,,,,,,,,,,,,,SmallOverlap(Clone) (UnityEngine.GameObject),
31,,-0.726068,-0.03015381,-2.940507,-0.7116491,-0.03015381,-2.936373,-0.7349063,-0.0230782,-2.937773,LargeOverlap(Clone) (UnityEngine.GameObject),0.023932,-0.03015381,-0.090507,0.0383509,-0.03015381,-0.086373,0.0150937,-0.0230782,-0.087773,,0.169615491,,,,,,,,,,,,,,,,SmallOverlap(Clone) (UnityEngine.GameObject),
32,,-0.785555,-0.007596254,-3.025554,-0.7708828,-0.007596254,-3.028673,-0.7828457,-0.01963735,-3.003025,LargeOverlap(Clone) (UnityEngine.GameObject),-0.035555,-0.007596254,-0.175554,-0.0208828,-0.007596254,-0.178673,-0.0328457,-0.01963735,-0.153025,,0.087449164,,,,,,,,,,,,,,,,LargeOverlap(Clone) (UnityEngine.GameObject),
33,,-0.6632288,-0.01703721,-2.855393,-0.6637523,-0.01703721,-2.840402,-0.6770722,-0.01494908,-2.844243,LargeOverlap(Clone) (UnityEngine.GameObject),0.0867712,-0.01703721,-0.005393,0.0862477,-0.01703721,0.009598,0.0729278,-0.01494908,0.005757,,0.094375702,,,,,,,,,,,,,,,,MediumOverlap(Clone) (UnityEngine.GameObject),
34,,-0.7665668,-0.01703721,-2.773545,-0.7812912,-0.01703721,-2.776407,-0.7657657,-0.02463055,-2.775042,LargeOverlap(Clone) (UnityEngine.GameObject),-0.0165668,-0.01703721,0.076455,-0.0312912,-0.01703721,0.073593,-0.0157657,-0.02463055,0.074958,,0.172542604,,,,,,,,,,,,,,,,SmallOverlap(Clone) (UnityEngine.GameObject),
35,,-0.8005643,-0.007596254,-2.739993,-0.8143719,-0.007596254,-2.745854,-0.787993,-0.0198648,-2.73846,LargeOverlap(Clone) (UnityEngine.GameObject),-0.0505643,-0.007596254,0.110007,-0.0643719,-0.007596254,0.104146,-0.037993,-0.0198648,0.11154,,0.171786399,,,,,,,,,,,,,,,,SmallOverlap(Clone) (UnityEngine.GameObject),
36,,-0.8330303,-0.03015381,-2.884573,-0.8374159,-0.03015381,-2.870229,-0.8173823,-0.03361678,-2.859253,LargeOverlap(Clone) (UnityEngine.GameObject),-0.0830303,-0.03015381,-0.034573,-0.0874159,-0.03015381,-0.020229,-0.0673823,-0.03361678,-0.009253,,0.176469289,,,,,,,,,,,,,,,,MediumOverlap(Clone) (UnityEngine.GameObject),
37,,-0.6508666,-0.007596254,-2.942829,-0.6605084,-0.007596254,-2.954319,-0.6675376,-0.009254456,-2.916545,LargeOverlap(Clone) (UnityEngine.GameObject),0.0991334,-0.007596254,-0.092829,0.0894916,-0.007596254,-0.104319,0.0824624,-0.009254456,-0.066545,,0.168784933,,,,,,,,,,,,,,,,LargeOverlap(Clone) (UnityEngine.GameObject),
38,,-0.6852952,-0.03015381,-2.971874,-0.6723049,-0.03015381,-2.964374,-0.6982627,-0.03013706,-2.943442,LargeOverlap(Clone) (UnityEngine.GameObject),0.0647048,-0.03015381,-0.121874,0.0776951,-0.03015381,-0.114374,0.0517373,-0.03013706,-0.093442,,0.088608742,,,,,,,,,,,,,,,,MediumOverlap(Clone) (UnityEngine.GameObject),
39,,-0.6470836,-0.007596254,-2.723307,-0.6351041,-0.007596254,-2.732334,-0.6671245,-0.01634526,-2.711462,LargeOverlap(Clone) (UnityEngine.GameObject),0.1029164,-0.007596254,0.126693,0.1148959,-0.007596254,0.117666,0.0828755,-0.01634526,0.138538,,0.088592586,,,,,,,,,,,,,,,,MediumOverlap(Clone) (UnityEngine.GameObject),
40,,-0.8286894,-0.007596254,-2.896646,-0.8350286,-0.007596254,-2.883052,-0.8186932,-0.009871006,-2.869708,LargeOverlap(Clone) (UnityEngine.GameObject),-0.0786894,-0.007596254,-0.046646,-0.0850286,-0.007596254,-0.033052,-0.0686932,-0.009871006,-0.019708,,0.170211351,,,,,,,,,,,,,,,,LargeOverlap(Clone) (UnityEngine.GameObject),
41,,-0.6740619,-0.03015381,-2.818074,-0.681334,-0.03015381,-2.804954,-0.6830025,-0.02143121,-2.806441,LargeOverlap(Clone) (UnityEngine.GameObject),0.0759381,-0.03015381,0.031926,0.068666,-0.03015381,0.045046,0.0669975,-0.02143121,0.043559,,0.090656576,,,,,,,,,,,,,,,,LargeOverlap(Clone) (UnityEngine.GameObject),
42,,-0.8774435,-0.01703721,-2.83785,-0.8748388,-0.01703721,-2.823078,-0.8618913,-0.01484489,-2.824768,LargeOverlap(Clone) (UnityEngine.GameObject),-0.1274435,-0.01703721,0.01215,-0.1248388,-0.01703721,0.026922,-0.1118913,-0.01484489,0.025232,,0.167384152,,,,,,,,,,,,,,,,LargeOverlap(Clone) (UnityEngine.GameObject),
43,,-0.6553559,-0.03015381,-2.772358,-0.6451259,-0.03015381,-2.783329,-0.6562796,-0.03363085,-2.747498,LargeOverlap(Clone) (UnityEngine.GameObject),0.0946441,-0.03015381,0.077642,0.1048741,-0.03015381,0.066671,0.0937204,-0.03363085,0.102502,,0.089868559,,,,,,,,,,,,,,,,LargeOverlap(Clone) (UnityEngine.GameObject),
44,,-0.6210829,-0.03015381,-2.849654,-0.6197756,-0.03015381,-2.864597,-0.6282434,-0.02205253,-2.82247,LargeOverlap(Clone) (UnityEngine.GameObject),0.1289171,-0.03015381,0.000346,0.1302244,-0.03015381,-0.014597,0.1217566,-0.02205253,0.02753,,0.175972983,,,,,,,,,,,,,,,,SmallOverlap(Clone) (UnityEngine.GameObject),
45,,-0.8084889,-0.007596254,-2.700835,-0.8225843,-0.007596254,-2.705966,-0.8055574,-0.02154684,-2.705778,LargeOverlap(Clone) (UnityEngine.GameObject),-0.0584889,-0.007596254,0.149165,-0.0725843,-0.007596254,0.144034,-0.0555574,-0.02154684,0.144222,,0.174924878,,,,,,,,,,,,,,,,SmallOverlap(Clone) (UnityEngine.GameObject),
46,,-0.7880611,-0.03015381,-2.939642,-0.7745792,-0.03015381,-2.946218,-0.7907076,-0.01788807,-2.921383,LargeOverlap(Clone) (UnityEngine.GameObject),-0.0380611,-0.03015381,-0.089642,-0.0245792,-0.03015381,-0.096218,-0.0407076,-0.01788807,-0.071383,,0.093695984,,,,,,,,,,,,,,,,MediumOverlap(Clone) (UnityEngine.GameObject),
47,,-0.7028632,-0.007596254,-2.697681,-0.6884443,-0.007596254,-2.701816,-0.6991415,-0.0356102,-2.677898,LargeOverlap(Clone) (UnityEngine.GameObject),0.0471368,-0.007596254,0.152319,0.0615557,-0.007596254,0.148184,0.0508585,-0.0356102,0.172102,,0.167064765,,,,,,,,,,,,,,,,SmallOverlap(Clone) (UnityEngine.GameObject),
48,,-0.9178681,-0.01703721,-2.829795,-0.9207303,-0.01703721,-2.84452,-0.8967971,-0.02817798,-2.804864,LargeOverlap(Clone) (UnityEngine.GameObject),-0.1678681,-0.01703721,0.020205,-0.1707303,-0.01703721,0.00548,-0.1467971,-0.02817798,0.045136,,0.095871786,,,,,,,,,,,,,,,,LargeOverlap(Clone) (UnityEngine.GameObject),
49,,-0.8147048,-0.007596254,-2.974713,-0.8276951,-0.007596254,-2.967213,-0.8084006,-0.00805831,-2.941146,LargeOverlap(Clone) (UnityEngine.GameObject),-0.0647048,-0.007596254,-0.124713,-0.0776951,-0.007596254,-0.117213,-0.0584006,-0.00805831,-0.091146,,0.16946376,,,,,,,,,,,,,,,,MediumOverlap(Clone) (UnityEngine.GameObject),
50,,-0.8709224,-0.03015381,-2.742224,-0.8603158,-0.03015381,-2.731618,-0.8592063,-0.04535747,-2.738146,LargeOverlap(Clone) (UnityEngine.GameObject),-0.1209224,-0.03015381,0.107776,-0.1103158,-0.03015381,0.118382,-0.1092063,-0.04535747,0.111854,,0.175536474,,,,,,,,,,,,,,,,LargeOverlap(Clone) (UnityEngine.GameObject),
51,,-0.8028451,-0.03015381,-3.026032,-0.7885792,-0.03015381,-3.030667,-0.798808,-0.02153707,-2.993555,LargeOverlap(Clone) (UnityEngine.GameObject),-0.0528451,-0.03015381,-0.176032,-0.0385792,-0.03015381,-0.180667,-0.048808,-0.02153707,-0.143555,,0.166988999,,,,,,,,,,,,,,,,LargeOverlap(Clone) (UnityEngine.GameObject),
52,,-0.9106969,-0.01703721,-2.804984,-0.9158272,-0.01703721,-2.819079,-0.8929247,-0.03088713,-2.787232,LargeOverlap(Clone) (UnityEngine.GameObject),-0.1606969,-0.01703721,0.045016,-0.1658272,-0.01703721,0.030921,-0.1429247,-0.03088713,0.062768,,0.089087183,,,,,,,,,,,,,,,,SmallOverlap(Clone) (UnityEngine.GameObject),
53,,-0.8533511,-0.03015381,-2.785664,-0.8623783,-0.03015381,-2.797644,-0.8337895,-0.0386548,-2.778794,LargeOverlap(Clone) (UnityEngine.GameObject),-0.1033511,-0.03015381,0.064336,-0.1123783,-0.03015381,0.052356,-0.0837895,-0.0386548,0.071206,,0.173121163,,,,,,,,,,,,,,,,LargeOverlap(Clone) (UnityEngine.GameObject),
54,,-0.8431388,-0.03015381,-3.007049,-0.8305587,-0.03015381,-3.015219,-0.8499241,-0.02494884,-2.976603,LargeOverlap(Clone) (UnityEngine.GameObject),-0.0931388,-0.03015381,-0.157049,-0.0805587,-0.03015381,-0.165219,-0.0999241,-0.02494884,-0.126603,,0.09186913,,,,,,,,,,,,,,,,MediumOverlap(Clone) (UnityEngine.GameObject),
55,,-0.9200733,-0.03015381,-2.881579,-0.9216412,-0.03015381,-2.866661,-0.915309,-0.04747152,-2.851299,LargeOverlap(Clone) (UnityEngine.GameObject),-0.1700733,-0.03015381,-0.031579,-0.1716412,-0.03015381,-0.016661,-0.165309,-0.04747152,-0.001299,,0.087037607,,,,,,,,,,,,,,,,MediumOverlap(Clone) (UnityEngine.GameObject),
56,,-0.7826302,-0.01703721,-3.031665,-0.7973546,-0.01703721,-3.028803,-0.7859548,-0.03224134,-2.998698,LargeOverlap(Clone) (UnityEngine.GameObject),-0.0326302,-0.01703721,-0.181665,-0.0473546,-0.01703721,-0.178803,-0.0359548,-0.03224134,-0.148698,,0.087581915,,,,,,,,,,,,,,,,SmallOverlap(Clone) (UnityEngine.GameObject),
57,,-0.7432272,-0.03015381,-2.993171,-0.7282478,-0.03015381,-2.992386,-0.7572246,-0.0257473,-2.968032,LargeOverlap(Clone) (UnityEngine.GameObject),0.0067728,-0.03015381,-0.143171,0.0217522,-0.03015381,-0.142386,-0.0072246,-0.0257473,-0.118032,,0.175489023,,,,,,,,,,,,,,,,LargeOverlap(Clone) (UnityEngine.GameObject),
58,,-0.8723592,-0.01703721,-2.906357,-0.8772427,-0.01703721,-2.892174,-0.8564852,-0.02237129,-2.879746,LargeOverlap(Clone) (UnityEngine.GameObject),-0.1223592,-0.01703721,-0.056357,-0.1272427,-0.01703721,-0.042174,-0.1064852,-0.02237129,-0.029746,,0.132714679,,,,,,,,,,,,,,,,SmallOverlap(Clone) (UnityEngine.GameObject),
59,,-0.6423799,-0.03015381,-2.983248,-0.6553323,-0.03015381,-2.993737,-0.6438355,-0.02166843,-2.969257,MediumOverlap(Clone) (UnityEngine.GameObject),0.1076201,-0.03015381,-0.133248,0.0946677,-0.03015381,-0.143737,0.1061645,-0.02166843,-0.119257,,0.127000654,,,,,,,,,,,,,,,,SmallOverlap(Clone) (UnityEngine.GameObject),
60,,-0.8476666,-0.01703721,-2.935675,-0.8367323,-0.01703721,-2.948253,-0.8413339,-0.02638841,-2.932282,MediumOverlap(Clone) (UnityEngine.GameObject),-0.0976666,-0.01703721,-0.085675,-0.0867323,-0.01703721,-0.098253,-0.0913339,-0.02638841,-0.082282,,0.126302747,,,,,,,,,,,,,,,,LargeOverlap(Clone) (UnityEngine.GameObject),
61,,-0.8107541,-0.01703721,-2.73675,-0.7960383,-0.01703721,-2.728926,-0.8123353,-0.004392147,-2.73476,MediumOverlap(Clone) (UnityEngine.GameObject),-0.0607541,-0.01703721,0.11325,-0.0460383,-0.01703721,0.121074,-0.0623353,-0.004392147,0.11524,,0.083276962,,,,,,,,,,,,,,,,LargeOverlap(Clone) (UnityEngine.GameObject),
62,,-0.875,-0.03015381,-2.817599,-0.8706864,-0.03015381,-2.8015,-0.8715501,-0.02968526,-2.814349,MediumOverlap(Clone) (UnityEngine.GameObject),-0.125,-0.03015381,0.032401,-0.1206864,-0.03015381,0.0485,-0.1215501,-0.02968526,0.035651,,0.095892501,,,,,,,,,,,,,,,,MediumOverlap(Clone) (UnityEngine.GameObject),
63,,-0.9037029,-0.03015381,-2.926552,-0.8963967,-0.03015381,-2.941532,-0.901286,-0.02833152,-2.912036,MediumOverlap(Clone) (UnityEngine.GameObject),-0.1537029,-0.03015381,-0.076552,-0.1463967,-0.03015381,-0.091532,-0.151286,-0.02833152,-0.062036,,0.166414007,,,,,,,,,,,,,,,,SmallOverlap(Clone) (UnityEngine.GameObject),
64,,-0.8184183,-0.007596254,-2.798692,-0.8081573,-0.007596254,-2.785558,-0.8138666,-0.01017046,-2.806739,MediumOverlap(Clone) (UnityEngine.GameObject),-0.0684183,-0.007596254,0.051308,-0.0581573,-0.007596254,0.064442,-0.0638666,-0.01017046,0.043261,,0.093634002,,,,,,,,,,,,,,,,MediumOverlap(Clone) (UnityEngine.GameObject),
65,,-0.7985514,-0.03015381,-2.780325,-0.8123688,-0.03015381,-2.789645,-0.7989985,-0.01948547,-2.766108,MediumOverlap(Clone) (UnityEngine.GameObject),-0.0485514,-0.03015381,0.069675,-0.0623688,-0.03015381,0.060355,-0.0489985,-0.01948547,0.083892,,0.135192476,,,,,,,,,,,,,,,,MediumOverlap(Clone) (UnityEngine.GameObject),
66,,-0.7894173,-0.03015381,-2.775314,-0.8042674,-0.03015381,-2.782881,-0.7816346,-0.02150822,-2.778511,MediumOverlap(Clone) (UnityEngine.GameObject),-0.0394173,-0.03015381,0.074686,-0.0542674,-0.03015381,0.067119,-0.0316346,-0.02150822,0.071489,,0.089135263,,,,,,,,,,,,,,,,SmallOverlap(Clone) (UnityEngine.GameObject),
67,,-0.7079068,-0.03015381,-2.928903,-0.6933299,-0.03015381,-2.920822,-0.7184323,-0.02252841,-2.920172,MediumOverlap(Clone) (UnityEngine.GameObject),0.0420932,-0.03015381,-0.078903,0.0566701,-0.03015381,-0.070822,0.0315677,-0.02252841,-0.070172,,0.173527419,,,,,,,,,,,,,,,,LargeOverlap(Clone) (UnityEngine.GameObject),
68,,-0.8865747,-0.03015381,-2.750257,-0.8765445,-0.03015381,-2.736946,-0.8739082,-0.02566075,-2.749195,MediumOverlap(Clone) (UnityEngine.GameObject),-0.1365747,-0.03015381,0.099743,-0.1265445,-0.03015381,0.113054,-0.1239082,-0.02566075,0.100805,,0.126961473,,,,,,,,,,,,,,,,LargeOverlap(Clone) (UnityEngine.GameObject),
69,,-0.6670927,-0.03015381,-3.002835,-0.6525157,-0.03015381,-2.994754,-0.6755816,-0.02409458,-2.98636,MediumOverlap(Clone) (UnityEngine.GameObject),0.0829073,-0.03015381,-0.152835,0.0974843,-0.03015381,-0.144754,0.0744184,-0.02409458,-0.13636,,0.128725138,,,,,,,,,,,,,,,,MediumOverlap(Clone) (UnityEngine.GameObject),
70,,-0.6788778,-0.03015381,-2.804079,-0.6693182,-0.03015381,-2.817732,-0.6921114,-0.02575302,-2.803588,MediumOverlap(Clone) (UnityEngine.GameObject),0.0711222,-0.03015381,0.045921,0.0806818,-0.03015381,0.032268,0.0578886,-0.02575302,0.046412,,0.177690748,,,,,,,,,,,,,,,,SmallOverlap(Clone) (UnityEngine.GameObject),
71,,-0.828037,-0.03015381,-2.892189,-0.8353432,-0.03015381,-2.877209,-0.8188674,-0.02310109,-2.880055,MediumOverlap(Clone) (UnityEngine.GameObject),-0.078037,-0.03015381,-0.042189,-0.0853432,-0.03015381,-0.027209,-0.0688674,-0.02310109,-0.030055,,0.128691111,,,,,,,,,,,,,,,,LargeOverlap(Clone) (UnityEngine.GameObject),
72,,-0.6887155,-0.007596254,-2.694849,-0.7042751,-0.007596254,-2.688876,-0.6893101,-0.02608037,-2.695959,MediumOverlap(Clone) (UnityEngine.GameObject),0.0612845,-0.007596254,0.155151,0.0457249,-0.007596254,0.161124,0.0606899,-0.02608037,0.154041,,0.136069971,,,,,,,,,,,,,,,,LargeOverlap(Clone) (UnityEngine.GameObject),
73,,-0.6854771,-0.03015381,-2.796483,-0.674325,-0.03015381,-2.808868,-0.691152,-0.01978397,-2.780301,MediumOverlap(Clone) (UnityEngine.GameObject),0.0645229,-0.03015381,0.053517,0.075675,-0.03015381,0.041132,0.058848,-0.01978397,0.069699,,0.172724187,,,,,,,,,,,,,,,,MediumOverlap(Clone) (UnityEngine.GameObject),
74,,-0.6584936,-0.01703721,-2.763597,-0.6467085,-0.01703721,-2.775382,-0.6638139,-0.008836985,-2.747396,MediumOverlap(Clone) (UnityEngine.GameObject),0.0915064,-0.01703721,0.086403,0.1032915,-0.01703721,0.074618,0.0861861,-0.008836985,0.102604,,0.130550581,,,,,,,,,,,,,,,,LargeOverlap(Clone) (UnityEngine.GameObject),
75,,-0.8069617,-0.007596254,-2.789728,-0.8195402,-0.007596254,-2.800662,-0.8053901,-0.005371094,-2.767459,MediumOverlap(Clone) (UnityEngine.GameObject),-0.0569617,-0.007596254,0.060272,-0.0695402,-0.007596254,0.049338,-0.0553901,-0.005371094,0.082541,,0.093122331,,,,,,,,,,,,,,,,MediumOverlap(Clone) (UnityEngine.GameObject),
76,,-0.8046402,-0.03015381,-2.922805,-0.8175926,-0.03015381,-2.912317,-0.8041604,-0.01722169,-2.919261,MediumOverlap(Clone) (UnityEngine.GameObject),-0.0546402,-0.03015381,-0.072805,-0.0675926,-0.03015381,-0.062317,-0.0541604,-0.01722169,-0.069261,,0.09235439,,,,,,,,,,,,,,,,MediumOverlap(Clone) (UnityEngine.GameObject),
77,,-0.8228168,-0.03015381,-2.808364,-0.8318942,-0.03015381,-2.822342,-0.823274,-0.03268743,-2.782861,MediumOverlap(Clone) (UnityEngine.GameObject),-0.0728168,-0.03015381,0.041636,-0.0818942,-0.03015381,0.027658,-0.073274,-0.03268743,0.067139,,0.131795741,,,,,,,,,,,,,,,,SmallOverlap(Clone) (UnityEngine.GameObject),
78,,-0.7115311,-0.01703721,-3.022638,-0.7277706,-0.01703721,-3.026387,-0.7093374,-0.01761985,-2.997844,MediumOverlap(Clone) (UnityEngine.GameObject),0.0384689,-0.01703721,-0.172638,0.0222294,-0.01703721,-0.176387,0.0406626,-0.01761985,-0.147844,,0.082998876,,,,,,,,,,,,,,,,MediumOverlap(Clone) (UnityEngine.GameObject),
79,,-0.8609256,-0.03015381,-2.92281,-0.8695096,-0.03015381,-2.908524,-0.8571132,-0.02814388,-2.893199,MediumOverlap(Clone) (UnityEngine.GameObject),-0.1109256,-0.03015381,-0.07281,-0.1195096,-0.03015381,-0.058524,-0.1071132,-0.02814388,-0.043199,,0.130036728,,,,,,,,,,,,,,,,MediumOverlap(Clone) (UnityEngine.GameObject),
80,,-0.5802646,-0.01703721,-2.877079,-0.5782335,-0.01703721,-2.860536,-0.5996481,-0.02228618,-2.869589,MediumOverlap(Clone) (UnityEngine.GameObject),0.1697354,-0.01703721,-0.027079,0.1717665,-0.01703721,-0.010536,0.1503519,-0.02228618,-0.019589,,0.092811552,,,,,,,,,,,,,,,,SmallOverlap(Clone) (UnityEngine.GameObject),
81,,-0.7811149,-0.007596254,-2.937441,-0.7966746,-0.007596254,-2.931468,-0.779601,-0.01120543,-2.923353,MediumOverlap(Clone) (UnityEngine.GameObject),-0.0311149,-0.007596254,-0.087441,-0.0466746,-0.007596254,-0.081468,-0.029601,-0.01120543,-0.073353,,0.081865452,,,,,,,,,,,,,,,,LargeOverlap(Clone) (UnityEngine.GameObject),
82,,-0.6797578,-0.01703721,-2.90749,-0.6699614,-0.01703721,-2.894006,-0.6820407,-0.03207254,-2.895897,MediumOverlap(Clone) (UnityEngine.GameObject),0.0702422,-0.01703721,-0.05749,0.0800386,-0.01703721,-0.044006,0.0679593,-0.03207254,-0.045897,,0.129399283,,,,,,,,,,,,,,,,SmallOverlap(Clone) (UnityEngine.GameObject),
83,,-0.8505701,-0.007596254,-2.775527,-0.8400814,-0.007596254,-2.762574,-0.843608,-0.0254004,-2.769901,MediumOverlap(Clone) (UnityEngine.GameObject),-0.1005701,-0.007596254,0.074473,-0.0900814,-0.007596254,0.087426,-0.093608,-0.0254004,0.080099,,0.125372548,,,,,,,,,,,,,,,,LargeOverlap(Clone) (UnityEngine.GameObject),
84,,-0.6788778,-0.007596254,-2.906994,-0.6884375,-0.007596254,-2.920646,-0.673023,-0.01883841,-2.888045,MediumOverlap(Clone) (UnityEngine.GameObject),0.0711222,-0.007596254,-0.056994,0.0615625,-0.007596254,-0.070646,0.076977,-0.01883841,-0.038045,,0.098354003,,,,,,,,,,,,,,,,SmallOverlap(Clone) (UnityEngine.GameObject),
85,,-0.6632288,-0.007596254,-2.860298,-0.6638104,-0.007596254,-2.876954,-0.6772516,-0.002514124,-2.841196,MediumOverlap(Clone) (UnityEngine.GameObject),0.0867712,-0.007596254,-0.010298,0.0861896,-0.007596254,-0.026954,0.0727484,-0.002514124,0.008804,,0.177315376,,,,,,,,,,,,,,,,LargeOverlap(Clone) (UnityEngine.GameObject),
86,,-0.718885,-0.01703721,-2.77628,-0.7033253,-0.01703721,-2.782253,-0.7250366,-0.01360655,-2.768857,MediumOverlap(Clone) (UnityEngine.GameObject),0.031115,-0.01703721,0.07372,0.0466747,-0.01703721,0.067747,0.0249634,-0.01360655,0.081143,,0.09145702,,,,,,,,,,,,,,,,MediumOverlap(Clone) (UnityEngine.GameObject),
87,,-0.8446441,-0.03015381,-2.945683,-0.8560108,-0.03015381,-2.933493,-0.8344906,-0.02684307,-2.921504,MediumOverlap(Clone) (UnityEngine.GameObject),-0.0946441,-0.03015381,-0.095683,-0.1060108,-0.03015381,-0.083493,-0.0844906,-0.02684307,-0.071504,,0.087709709,,,,,,,,,,,,,,,,LargeOverlap(Clone) (UnityEngine.GameObject),
88,,-0.8709224,-0.007596254,-2.978443,-0.8591373,-0.007596254,-2.990228,-0.8650067,-0.006944418,-2.954867,MediumOverlap(Clone) (UnityEngine.GameObject),-0.1209224,-0.007596254,-0.128443,-0.1091373,-0.007596254,-0.140228,-0.1150067,-0.006944418,-0.104867,,0.081811052,,,,,,,,,,,,,,,,SmallOverlap(Clone) (UnityEngine.GameObject),
89,,-0.754544,-0.007596254,-2.770958,-0.7711878,-0.007596254,-2.771831,-0.7647957,-0.007776022,-2.753207,MediumOverlap(Clone) (UnityEngine.GameObject),-0.004544,-0.007596254,0.079042,-0.0211878,-0.007596254,0.078169,-0.0147957,-0.007776022,0.096793,,0.137920247,,,,,,,,,,,,,,,,MediumOverlap(Clone) (UnityEngine.GameObject),
90,,-0.581588,-0.01703721,-2.887738,-0.5786938,-0.01703721,-2.871325,-0.595178,-0.01246214,-2.872013,MediumOverlap(Clone) (UnityEngine.GameObject),0.168412,-0.01703721,-0.037738,0.1713062,-0.01703721,-0.021325,0.154822,-0.01246214,-0.022013,,0.176571612,,,,,,,,,,,,,,,,MediumOverlap(Clone) (UnityEngine.GameObject),
91,,-0.7515153,-0.03015381,-2.945018,-0.7681794,-0.03015381,-2.944727,-0.7457246,-0.03293967,-2.940358,MediumOverlap(Clone) (UnityEngine.GameObject),-0.0015153,-0.03015381,-0.095018,-0.0181794,-0.03015381,-0.094727,0.0042754,-0.03293967,-0.090358,,0.088269976,,,,,,,,,,,,,,,,MediumOverlap(Clone) (UnityEngine.GameObject),
92,,-0.8244228,-0.007596254,-2.90307,-0.8158388,-0.007596254,-2.917356,-0.8204421,-0.0126524,-2.873442,MediumOverlap(Clone) (UnityEngine.GameObject),-0.0744228,-0.007596254,-0.05307,-0.0658388,-0.007596254,-0.067356,-0.0704421,-0.0126524,-0.023442,,0.079536085,,,,,,,,,,,,,,,,MediumOverlap(Clone) (UnityEngine.GameObject),
93,,-0.8430895,-0.007596254,-2.948389,-0.8546671,-0.007596254,-2.9364,-0.8309129,-0.0103693,-2.932324,MediumOverlap(Clone) (UnityEngine.GameObject),-0.0930895,-0.007596254,-0.098389,-0.1046671,-0.007596254,-0.0864,-0.0809129,-0.0103693,-0.082324,,0.082231802,,,,,,,,,,,,,,,,MediumOverlap(Clone) (UnityEngine.GameObject),
94,,-0.8134992,-0.007596254,-2.799419,-0.8021325,-0.007596254,-2.78723,-0.8062818,-0.01183653,-2.797345,MediumOverlap(Clone) (UnityEngine.GameObject),-0.0634992,-0.007596254,0.050581,-0.0521325,-0.007596254,0.06277,-0.0562818,-0.01183653,0.052655,,0.137222167,,,,,,,,,,,,,,,,SmallOverlap(Clone) (UnityEngine.GameObject),
95,,-0.773932,-0.007596254,-2.775242,-0.757911,-0.007596254,-2.770648,-0.7743024,-0.003464222,-2.762944,MediumOverlap(Clone) (UnityEngine.GameObject),-0.023932,-0.007596254,0.074758,-0.007911,-0.007596254,0.079352,-0.0243024,-0.003464222,0.087056,,0.082900171,,,,,,,,,,,,,,,,MediumOverlap(Clone) (UnityEngine.GameObject),
96,,-0.7899898,-0.01703721,-2.981924,-0.8058407,-0.01703721,-2.976774,-0.7928144,-0.007595539,-2.973735,MediumOverlap(Clone) (UnityEngine.GameObject),-0.0399898,-0.01703721,-0.131924,-0.0558407,-0.01703721,-0.126774,-0.0428144,-0.007595539,-0.123735,,0.140640567,,,,,,,,,,,,,,,,SmallOverlap(Clone) (UnityEngine.GameObject),
97,,-0.6379281,-0.01703721,-2.79426,-0.6462614,-0.01703721,-2.779826,-0.6532749,-0.01383662,-2.785045,MediumOverlap(Clone) (UnityEngine.GameObject),0.1120719,-0.01703721,0.05574,0.1037386,-0.01703721,0.070174,0.0967251,-0.01383662,0.064955,,0.17342729,,,,,,,,,,,,,,,,SmallOverlap(Clone) (UnityEngine.GameObject),
98,,-0.8687935,-0.01703721,-2.736256,-0.8568045,-0.01703721,-2.724678,-0.8560165,-0.03129697,-2.734782,MediumOverlap(Clone) (UnityEngine.GameObject),-0.1187935,-0.01703721,0.113744,-0.1068045,-0.01703721,0.125322,-0.1060165,-0.03129697,0.115218,,0.137545658,,,,,,,,,,,,,,,,SmallOverlap(Clone) (UnityEngine.GameObject),
99,,-0.8293178,-0.01703721,-2.824265,-0.8225389,-0.01703721,-2.809039,-0.8189372,-0.02779102,-2.816524,MediumOverlap(Clone) (UnityEngine.GameObject),-0.0793178,-0.01703721,0.025735,-0.0725389,-0.01703721,0.040961,-0.0689372,-0.02779102,0.033476,,0.099699392,,,,,,,,,,,,,,,,SmallOverlap(Clone) (UnityEngine.GameObject),
100,,-0.8069617,-0.01703721,-2.925244,-0.7943832,-0.01703721,-2.936178,-0.8016309,-0.01251912,-2.896228,MediumOverlap(Clone) (UnityEngine.GameObject),-0.0569617,-0.01703721,-0.075244,-0.0443832,-0.01703721,-0.086178,-0.0516309,-0.01251912,-0.046228,,0.179279302,,,,,,,,,,,,,,,,MediumOverlap(Clone) (UnityEngine.GameObject),
101,,-0.5848169,-0.03015381,-2.904969,-0.5891306,-0.03015381,-2.921068,-0.5999552,-0.02010036,-2.884212,MediumOverlap(Clone) (UnityEngine.GameObject),0.1651831,-0.03015381,-0.054969,0.1608694,-0.03015381,-0.071068,0.1500448,-0.02010036,-0.034212,,0.091721759,,,,,,,,,,,,,,,,SmallOverlap(Clone) (UnityEngine.GameObject),
102,,-0.5790941,-0.01703721,-2.866754,-0.5796758,-0.01703721,-2.88341,-0.5774641,-0.007781982,-2.846478,MediumOverlap(Clone) (UnityEngine.GameObject),0.1709059,-0.01703721,-0.016754,0.1703242,-0.01703721,-0.03341,0.1725359,-0.007781982,0.003522,,0.08859228,,,,,,,,,,,,,,,,MediumOverlap(Clone) (UnityEngine.GameObject),
103,,-0.8519761,-0.01703721,-2.940532,-0.8622371,-0.01703721,-2.927398,-0.839289,-0.0246079,-2.923925,MediumOverlap(Clone) (UnityEngine.GameObject),-0.1019761,-0.01703721,-0.090532,-0.1122371,-0.01703721,-0.077398,-0.089289,-0.0246079,-0.073925,,0.135660434,,,,,,,,,,,,,,,,LargeOverlap(Clone) (UnityEngine.GameObject),
104,,-0.9049878,-0.007596254,-2.933291,-0.9120314,-0.007596254,-2.918186,-0.8979326,-0.02095079,-2.919516,MediumOverlap(Clone) (UnityEngine.GameObject),-0.1549878,-0.007596254,-0.083291,-0.1620314,-0.007596254,-0.068186,-0.1479326,-0.02095079,-0.069516,,0.08960617,,,,,,,,,,,,,,,,MediumOverlap(Clone) (UnityEngine.GameObject),
105,,-0.6919033,-0.03015381,-2.925619,-0.704289,-0.03015381,-2.936771,-0.6889253,-0.03223968,-2.917108,MediumOverlap(Clone) (UnityEngine.GameObject),0.0580967,-0.03015381,-0.075619,0.045711,-0.03015381,-0.086771,0.0610747,-0.03223968,-0.067108,,0.081537041,,,,,,,,,,,,,,,,LargeOverlap(Clone) (UnityEngine.GameObject),
106,,-0.6943246,-0.007596254,-2.699622,-0.6785659,-0.007596254,-2.705049,-0.6998363,-0.02936387,-2.688651,MediumOverlap(Clone) (UnityEngine.GameObject),0.0556754,-0.007596254,0.150378,0.0714341,-0.007596254,0.144951,0.0501637,-0.02936387,0.161349,,0.078861919,,,,,,,,,,,,,,,,MediumOverlap(Clone) (UnityEngine.GameObject),
107,,-0.7767519,-0.007596254,-2.692774,-0.7932134,-0.007596254,-2.695382,-0.7629508,-0.03180432,-2.68082,MediumOverlap(Clone) (UnityEngine.GameObject),-0.0267519,-0.007596254,0.157226,-0.0432134,-0.007596254,0.154618,-0.0129508,-0.03180432,0.16918,,0.080063053,,,,,,,,,,,,,,,,SmallOverlap(Clone) (UnityEngine.GameObject),
108,,-0.7575672,-0.01703721,-2.948632,-0.740964,-0.01703721,-2.950084,-0.7602488,-0.02601051,-2.92211,MediumOverlap(Clone) (UnityEngine.GameObject),-0.0075672,-0.01703721,-0.098632,0.009036,-0.01703721,-0.100084,-0.0102488,-0.02601051,-0.07211,,0.138900657,,,,,,,,,,,,,,,,MediumOverlap(Clone) (UnityEngine.GameObject),
109,,-0.84617,-0.007596254,-2.776275,-0.8573222,-0.007596254,-2.788661,-0.8357785,-0.01922321,-2.763336,MediumOverlap(Clone) (UnityEngine.GameObject),-0.09617,-0.007596254,0.073725,-0.1073222,-0.007596254,0.061339,-0.0857785,-0.01922321,0.086664,,0.126322306,,,,,,,,,,,,,,,,MediumOverlap(Clone) (UnityEngine.GameObject),
110,,-0.8338656,-0.007596254,-2.840535,-0.8381793,-0.007596254,-2.856634,-0.8168616,-0.02314568,-2.819995,MediumOverlap(Clone) (UnityEngine.GameObject),-0.0838656,-0.007596254,0.009465,-0.0881793,-0.007596254,-0.006634,-0.0668616,-0.02314568,0.030005,,0.121815886,,,,,,,,,,,,,,,,LargeOverlap(Clone) (UnityEngine.GameObject),
111,,-0.5806542,-0.007596254,-2.887037,-0.5783346,-0.007596254,-2.870533,-0.6002301,-0.01616597,-2.863341,MediumOverlap(Clone) (UnityEngine.GameObject),0.1693458,-0.007596254,-0.037037,0.1716654,-0.007596254,-0.020533,0.1497699,-0.01616597,-0.013341,,0.121309487,,,,,,,,,,,,,,,,MediumOverlap(Clone) (UnityEngine.GameObject),
112,,-0.6865008,-0.03015381,-2.804096,-0.6751342,-0.03015381,-2.816285,-0.6981232,-0.04056668,-2.794282,MediumOverlap(Clone) (UnityEngine.GameObject),0.0634992,-0.03015381,0.045904,0.0748658,-0.03015381,0.033715,0.0518768,-0.04056668,0.055718,,0.094860821,,,,,,,,,,,,,,,,MediumOverlap(Clone) (UnityEngine.GameObject),
113,,-0.8653047,-0.01703721,-2.805118,-0.8577382,-0.01703721,-2.790268,-0.8579103,-0.0302968,-2.792823,MediumOverlap(Clone) (UnityEngine.GameObject),-0.1153047,-0.01703721,0.044882,-0.1077382,-0.01703721,0.059732,-0.1079103,-0.0302968,0.057177,,0.165347693,,,,,,,,,,,,,,,,SmallOverlap(Clone) (UnityEngine.GameObject),
114,,-0.5962971,-0.01703721,-2.939333,-0.6036033,-0.01703721,-2.954313,-0.6193571,-0.02630854,-2.914432,MediumOverlap(Clone) (UnityEngine.GameObject),0.1537029,-0.01703721,-0.089333,0.1463967,-0.01703721,-0.104313,0.1306429,-0.02630854,-0.064432,,0.127696249,,,,,,,,,,,,,,,,LargeOverlap(Clone) (UnityEngine.GameObject),
115,,-0.7057393,-0.007596254,-2.728578,-0.6885116,-0.007596254,-2.734849,-0.7098439,-0.01025033,-2.740729,SmallOverlap(Clone) (UnityEngine.GameObject),0.0442607,-0.007596254,0.121422,0.0614884,-0.007596254,0.115151,0.0401561,-0.01025033,0.109271,,0.095656229,,,,,,,,,,,,,,,,LargeOverlap(Clone) (UnityEngine.GameObject),
116,,-0.6466489,-0.03015381,-2.772652,-0.6576822,-0.03015381,-2.75801,-0.6437675,-0.0163722,-2.768041,SmallOverlap(Clone) (UnityEngine.GameObject),0.1033511,-0.03015381,0.077348,0.0923178,-0.03015381,0.09199,0.1062325,-0.0163722,0.081959,,0.172102973,,,,,,,,,,,,,,,,MediumOverlap(Clone) (UnityEngine.GameObject),
117,,-0.9106969,-0.007596254,-2.909104,-0.9044266,-0.007596254,-2.926332,-0.9135439,-0.02096868,-2.909775,SmallOverlap(Clone) (UnityEngine.GameObject),-0.1606969,-0.007596254,-0.059104,-0.1544266,-0.007596254,-0.076332,-0.1635439,-0.02096868,-0.059775,,0.085110928,,,,,,,,,,,,,,,,SmallOverlap(Clone) (UnityEngine.GameObject),
118,,-0.6593785,-0.01703721,-2.706151,-0.6438309,-0.01703721,-2.715866,-0.6720891,-0.009781599,-2.70477,SmallOverlap(Clone) (UnityEngine.GameObject),0.0906215,-0.01703721,0.143849,0.1061691,-0.01703721,0.134134,0.0779109,-0.009781599,0.14523,,0.13602337,,,,,,,,,,,,,,,,SmallOverlap(Clone) (UnityEngine.GameObject),
119,,-0.6276409,-0.03015381,-2.809156,-0.6216722,-0.03015381,-2.82649,-0.6317767,-0.01629424,-2.806456,SmallOverlap(Clone) (UnityEngine.GameObject),0.1223591,-0.03015381,0.040844,0.1283278,-0.03015381,0.02351,0.1182233,-0.01629424,0.043544,,0.095898703,,,,,,,,,,,,,,,,SmallOverlap(Clone) (UnityEngine.GameObject),
120,,-0.8900833,-0.03015381,-2.753426,-0.9005988,-0.03015381,-2.768444,-0.8802877,-0.02930403,-2.757744,SmallOverlap(Clone) (UnityEngine.GameObject),-0.1400833,-0.03015381,0.096574,-0.1505988,-0.03015381,0.081556,-0.1302877,-0.02930403,0.092256,,0.141241762,,,,,,,,,,,,,,,,MediumOverlap(Clone) (UnityEngine.GameObject),
121,,-0.6229681,-0.007596254,-2.827215,-0.6194699,-0.007596254,-2.845212,-0.6295447,-0.01743197,-2.816307,SmallOverlap(Clone) (UnityEngine.GameObject),0.1270319,-0.007596254,0.022785,0.1305301,-0.007596254,0.004788,0.1204553,-0.01743197,0.033693,,0.163403197,,,,,,,,,,,,,,,,LargeOverlap(Clone) (UnityEngine.GameObject),
122,,-0.684473,-0.01703721,-2.795033,-0.6724453,-0.01703721,-2.808869,-0.6905077,-0.002425671,-2.792616,SmallOverlap(Clone) (UnityEngine.GameObject),0.065527,-0.01703721,0.054967,0.0775547,-0.01703721,0.041131,0.0594923,-0.002425671,0.057384,,0.091790926,,,,,,,,,,,,,,,,MediumOverlap(Clone) (UnityEngine.GameObject),
123,,-0.7515153,-0.007596254,-2.939027,-0.7331848,-0.007596254,-2.939347,-0.7612097,-0.006168604,-2.922169,SmallOverlap(Clone) (UnityEngine.GameObject),-0.0015153,-0.007596254,-0.089027,0.0168152,-0.007596254,-0.089347,-0.0112097,-0.006168604,-0.072169,,0.079530128,,,,,,,,,,,,,,,,LargeOverlap(Clone) (UnityEngine.GameObject),
124,,-0.879063,-0.01703721,-2.740193,-0.8670352,-0.01703721,-2.726357,-0.8775987,-0.03141165,-2.734262,SmallOverlap(Clone) (UnityEngine.GameObject),-0.129063,-0.01703721,0.109807,-0.1170352,-0.01703721,0.123643,-0.1275987,-0.03141165,0.115738,,0.087721815,,,,,,,,,,,,,,,,LargeOverlap(Clone) (UnityEngine.GameObject),
125,,-0.8382571,-0.007596254,-2.757836,-0.8516652,-0.007596254,-2.770339,-0.8272623,-0.01691842,-2.756996,SmallOverlap(Clone) (UnityEngine.GameObject),-0.0882571,-0.007596254,0.092164,-0.1016652,-0.007596254,0.079661,-0.0772623,-0.01691842,0.093004,,0.174435979,,,,,,,,,,,,,,,,LargeOverlap(Clone) (UnityEngine.GameObject),
126,,-0.8900833,-0.007596254,-2.754667,-0.8795677,-0.007596254,-2.739649,-0.8848116,-0.02032399,-2.752784,SmallOverlap(Clone) (UnityEngine.GameObject),-0.1400833,-0.007596254,0.095333,-0.1295677,-0.007596254,0.110351,-0.1348116,-0.02032399,0.097216,,0.129150047,,,,,,,,,,,,,,,,SmallOverlap(Clone) (UnityEngine.GameObject),
127,,-0.6635063,-0.007596254,-2.860416,-0.6619084,-0.007596254,-2.842152,-0.6776727,-0.00369668,-2.860098,SmallOverlap(Clone) (UnityEngine.GameObject),0.0864937,-0.007596254,-0.010416,0.0880916,-0.007596254,0.007848,0.0723273,-0.00369668,-0.010098,,0.135210161,,,,,,,,,,,,,,,,LargeOverlap(Clone) (UnityEngine.GameObject),
128,,-0.8305019,-0.03015381,-2.821211,-0.8236341,-0.03015381,-2.804212,-0.816902,-0.0267446,-2.821542,SmallOverlap(Clone) (UnityEngine.GameObject),-0.0805019,-0.03015381,0.028789,-0.0736341,-0.03015381,0.045788,-0.066902,-0.0267446,0.028458,,0.128960961,,,,,,,,,,,,,,,,SmallOverlap(Clone) (UnityEngine.GameObject),
129,,-0.74105,-0.007596254,-2.683028,-0.7593582,-0.007596254,-2.682068,-0.7292674,-0.01021767,-2.692163,SmallOverlap(Clone) (UnityEngine.GameObject),0.00895,-0.007596254,0.166972,-0.0093582,-0.007596254,0.167932,0.0207326,-0.01021767,0.157837,,0.096966392,,,,,,,,,,,,,,,,LargeOverlap(Clone) (UnityEngine.GameObject),
130,,-0.8883501,-0.03015381,-2.954482,-0.8991261,-0.03015381,-2.93965,-0.874665,-0.03080034,-2.948655,SmallOverlap(Clone) (UnityEngine.GameObject),-0.1383501,-0.03015381,-0.104482,-0.1491261,-0.03015381,-0.08965,-0.124665,-0.03080034,-0.098655,,0.126075525,,,,,,,,,,,,,,,,SmallOverlap(Clone) (UnityEngine.GameObject),
131,,-0.714445,-0.03015381,-2.687075,-0.7323777,-0.03015381,-2.683264,-0.7077645,-0.02321649,-2.676431,SmallOverlap(Clone) (UnityEngine.GameObject),0.035555,-0.03015381,0.162925,0.0176223,-0.03015381,0.166736,0.0422355,-0.02321649,0.173569,,0.176681351,,,,,,,,,,,,,,,,SmallOverlap(Clone) (UnityEngine.GameObject),
132,,-0.5937745,-0.007596254,-2.924208,-0.5863177,-0.007596254,-2.907459,-0.6043315,-0.01722217,-2.920417,SmallOverlap(Clone) (UnityEngine.GameObject),0.1562255,-0.007596254,-0.074208,0.1636823,-0.007596254,-0.057459,0.1456685,-0.01722217,-0.070417,,0.172568218,,,,,,,,,,,,,,,,SmallOverlap(Clone) (UnityEngine.GameObject),
133,,-0.8367051,-0.007596254,-2.85026,-0.8357456,-0.007596254,-2.831952,-0.8239267,-0.004845142,-2.840189,SmallOverlap(Clone) (UnityEngine.GameObject),-0.0867051,-0.007596254,-0.00026,-0.0857456,-0.007596254,0.018048,-0.0739267,-0.004845142,0.009811,,0.137424286,,,,,,,,,,,,,,,,LargeOverlap(Clone) (UnityEngine.GameObject),
134,,-0.7217329,-0.03015381,-2.772784,-0.7390674,-0.03015381,-2.766816,-0.7310083,-0.02635098,-2.774568,SmallOverlap(Clone) (UnityEngine.GameObject),0.0282671,-0.03015381,0.077216,0.0109326,-0.03015381,0.083184,0.0189917,-0.02635098,0.075432,,0.132397095,,,,,,,,,,,,,,,,MediumOverlap(Clone) (UnityEngine.GameObject),
135,,-0.6523334,-0.007596254,-2.770276,-0.6403056,-0.007596254,-2.784112,-0.6698873,-0.01017213,-2.756525,SmallOverlap(Clone) (UnityEngine.GameObject),0.0976666,-0.007596254,0.079724,0.1096944,-0.007596254,0.065888,0.0801127,-0.01017213,0.093475,,0.176114485,,,,,,,,,,,,,,,,MediumOverlap(Clone) (UnityEngine.GameObject),
136,,-0.6697156,-0.007596254,-2.704431,-0.685903,-0.007596254,-2.695824,-0.681366,-0.0225904,-2.697245,SmallOverlap(Clone) (UnityEngine.GameObject),0.0802844,-0.007596254,0.145569,0.064097,-0.007596254,0.154176,0.068634,-0.0225904,0.152755,,0.100013559,,,,,,,,,,,,,,,,MediumOverlap(Clone) (UnityEngine.GameObject),
137,,-0.5856146,-0.01703721,-2.902905,-0.5805612,-0.01703721,-2.885282,-0.5829241,-0.02619195,-2.889464,SmallOverlap(Clone) (UnityEngine.GameObject),0.1643854,-0.01703721,-0.052905,0.1694388,-0.01703721,-0.035282,0.1670759,-0.02619195,-0.039464,,0.184502398,,,,,,,,,,,,,,,,LargeOverlap(Clone) (UnityEngine.GameObject),
138,,-0.8784449,-0.007596254,-2.872083,-0.8806792,-0.007596254,-2.853887,-0.867608,-0.01286507,-2.847016,SmallOverlap(Clone) (UnityEngine.GameObject),-0.1284449,-0.007596254,-0.022083,-0.1306792,-0.007596254,-0.003887,-0.117608,-0.01286507,0.002984,,0.163167103,,,,,,,,,,,,,,,,MediumOverlap(Clone) (UnityEngine.GameObject),
139,,-0.6269242,-0.007596254,-2.896527,-0.6325895,-0.007596254,-2.913963,-0.6408569,-0.01836777,-2.880392,SmallOverlap(Clone) (UnityEngine.GameObject),0.1230758,-0.007596254,-0.046527,0.1174105,-0.007596254,-0.063963,0.1091431,-0.01836777,-0.030392,,0.160533474,,,,,,,,,,,,,,,,MediumOverlap(Clone) (UnityEngine.GameObject),
140,,-0.8793307,-0.007596254,-2.861199,-0.8786909,-0.007596254,-2.879521,-0.8668276,-0.01472402,-2.841492,SmallOverlap(Clone) (UnityEngine.GameObject),-0.1293307,-0.007596254,-0.011199,-0.1286909,-0.007596254,-0.029521,-0.1168276,-0.01472402,0.008508,,0.086316838,,,,,,,,,,,,,,,,SmallOverlap(Clone) (UnityEngine.GameObject),
141,,-0.7620836,-0.01703721,-2.770844,-0.7439287,-0.01703721,-2.768293,-0.7590075,-0.01426101,-2.762543,SmallOverlap(Clone) (UnityEngine.GameObject),-0.0120836,-0.01703721,0.079156,0.0060713,-0.01703721,0.081707,-0.0090075,-0.01426101,0.087457,,0.097220627,,,,,,,,,,,,,,,,SmallOverlap(Clone) (UnityEngine.GameObject),
142,,-0.8380767,-0.007596254,-3.003706,-0.822362,-0.007596254,-3.013148,-0.8382084,-0.01096606,-2.979151,SmallOverlap(Clone) (UnityEngine.GameObject),-0.0880767,-0.007596254,-0.153706,-0.072362,-0.007596254,-0.163148,-0.0882084,-0.01096606,-0.129151,,0.160402156,,,,,,,,,,,,,,,,MediumOverlap(Clone) (UnityEngine.GameObject),
143,,-0.6636515,-0.007596254,-2.866668,-0.6655679,-0.007596254,-2.884901,-0.6799507,-0.01336193,-2.857038,SmallOverlap(Clone) (UnityEngine.GameObject),0.0863485,-0.007596254,-0.016668,0.0844321,-0.007596254,-0.034901,0.0700493,-0.01336193,-0.007038,,0.101948947,,,,,,,,,,,,,,,,SmallOverlap(Clone) (UnityEngine.GameObject),
144,,-0.7027122,-0.01703721,-2.784918,-0.7180878,-0.01703721,-2.774933,-0.7114756,-0.01457453,-2.776694,SmallOverlap(Clone) (UnityEngine.GameObject),0.0472878,-0.01703721,0.065082,0.0319122,-0.01703721,0.075067,0.0385244,-0.01457453,0.073306,,0.159666472,,,,,,,,,,,,,,,,SmallOverlap(Clone) (UnityEngine.GameObject),
145,,-0.718693,-0.007596254,-2.983387,-0.7364818,-0.007596254,-2.987822,-0.7125896,-0.005703926,-2.956386,SmallOverlap(Clone) (UnityEngine.GameObject),0.031307,-0.007596254,-0.133387,0.0135182,-0.007596254,-0.137822,0.0374104,-0.005703926,-0.106386,,0.10265399,,,,,,,,,,,,,,,,LargeOverlap(Clone) (UnityEngine.GameObject),
146,,-0.8080966,-0.01703721,-2.79337,-0.821721,-0.01703721,-2.805637,-0.7997901,-0.01384902,-2.778622,SmallOverlap(Clone) (UnityEngine.GameObject),-0.0580966,-0.01703721,0.05663,-0.071721,-0.01703721,0.044363,-0.0497901,-0.01384902,0.071378,,0.179948653,,,,,,,,,,,,,,,,LargeOverlap(Clone) (UnityEngine.GameObject),
147,,-0.75,-0.03015381,-2.98737,-0.7316667,-0.03015381,-2.98737,-0.7516486,-0.02179503,-2.967416,SmallOverlap(Clone) (UnityEngine.GameObject),0,-0.03015381,-0.13737,0.0183333,-0.03015381,-0.13737,-0.0016486,-0.02179503,-0.117416,,0.142017413,,,,,,,,,,,,,,,,MediumOverlap(Clone) (UnityEngine.GameObject),
148,,-0.7791108,-0.007596254,-2.984215,-0.7612474,-0.007596254,-2.98834,-0.7908629,-0.009699821,-2.977764,SmallOverlap(Clone) (UnityEngine.GameObject),-0.0291108,-0.007596254,-0.134215,-0.0112474,-0.007596254,-0.13834,-0.0408629,-0.009699821,-0.127764,,0.12605786,,,,,,,,,,,,,,,,SmallOverlap(Clone) (UnityEngine.GameObject),
149,,-0.8342451,-0.007596254,-2.879569,-0.8386803,-0.007596254,-2.86178,-0.824167,-0.01935172,-2.8571,SmallOverlap(Clone) (UnityEngine.GameObject),-0.0842451,-0.007596254,-0.029569,-0.0886803,-0.007596254,-0.01178,-0.074167,-0.01935172,-0.0071,,0.159626623,,,,,,,,,,,,,,,,SmallOverlap(Clone) (UnityEngine.GameObject),
150,,-0.7791108,-0.01703721,-2.732947,-0.7612473,-0.01703721,-2.728822,-0.7709348,-0.03697872,-2.728214,SmallOverlap(Clone) (UnityEngine.GameObject),-0.0291108,-0.01703721,0.117053,-0.0112473,-0.01703721,0.121178,-0.0209348,-0.03697872,0.121786,,0.100378287,,,,,,,,,,,,,,,,SmallOverlap(Clone) (UnityEngine.GameObject),
151,,-0.8755655,-0.007596254,-2.828047,-0.8800008,-0.007596254,-2.845836,-0.8639928,-0.02214193,-2.804255,SmallOverlap(Clone) (UnityEngine.GameObject),-0.1255655,-0.007596254,0.021953,-0.1300008,-0.007596254,0.004164,-0.1139928,-0.02214193,0.045745,,0.118512737,,,,,,,,,,,,,,,,SmallOverlap(Clone) (UnityEngine.GameObject),
152,,-0.6694981,-0.03015381,-2.891956,-0.6626303,-0.03015381,-2.874958,-0.6760359,-0.02073717,-2.878809,SmallOverlap(Clone) (UnityEngine.GameObject),0.0805019,-0.03015381,-0.041956,0.0873697,-0.03015381,-0.024958,0.0739641,-0.02073717,-0.028809,,0.080505242,,,,,,,,,,,,,,,,LargeOverlap(Clone) (UnityEngine.GameObject),
153,,-0.9205935,-0.007596254,-2.871438,-0.9193146,-0.007596254,-2.889727,-0.9032893,-0.01370859,-2.852693,SmallOverlap(Clone) (UnityEngine.GameObject),-0.1705935,-0.007596254,-0.021438,-0.1693146,-0.007596254,-0.039727,-0.1532893,-0.01370859,-0.002693,,0.167909691,,,,,,,,,,,,,,,,MediumOverlap(Clone) (UnityEngine.GameObject),
154,,-0.6965457,-0.007596254,-2.791605,-0.6820989,-0.007596254,-2.802893,-0.7007176,-0.002251625,-2.773222,SmallOverlap(Clone) (UnityEngine.GameObject),0.0534543,-0.007596254,0.058395,0.0679011,-0.007596254,0.047107,0.0492824,-0.002251625,0.076778,,0.169935892,,,,,,,,,,,,,,,,SmallOverlap(Clone) (UnityEngine.GameObject),
155,,-0.5833729,-0.01703721,-2.898714,-0.587497,-0.01703721,-2.916577,-0.6000985,-0.02361417,-2.879332,SmallOverlap(Clone) (UnityEngine.GameObject),0.1666271,-0.01703721,-0.048714,0.162503,-0.01703721,-0.066577,0.1499015,-0.02361417,-0.029332,,0.124926533,,,,,,,,,,,,,,,,SmallOverlap(Clone) (UnityEngine.GameObject),
156,,-0.6327152,-0.01703721,-2.915083,-0.6404632,-0.01703721,-2.931699,-0.6452688,-0.01308727,-2.88907,SmallOverlap(Clone) (UnityEngine.GameObject),0.1172848,-0.01703721,-0.065083,0.1095368,-0.01703721,-0.081699,0.1047312,-0.01308727,-0.03907,,0.176728238,,,,,,,,,,,,,,,,SmallOverlap(Clone) (UnityEngine.GameObject),
157,,-0.6212994,-0.007596254,-2.846937,-0.619383,-0.007596254,-2.86517,-0.6376213,-0.01334214,-2.83448,SmallOverlap(Clone) (UnityEngine.GameObject),0.1287006,-0.007596254,0.003063,0.130617,-0.007596254,-0.01517,0.1123787,-0.01334214,0.01552,,0.140704465,,,,,,,,,,,,,,,,LargeOverlap(Clone) (UnityEngine.GameObject),
158,,-0.8022521,-0.01703721,-2.929887,-0.7876104,-0.01703721,-2.94092,-0.8015261,-0.01288152,-2.896173,SmallOverlap(Clone) (UnityEngine.GameObject),-0.0522521,-0.01703721,-0.079887,-0.0376104,-0.01703721,-0.09092,-0.0515261,-0.01288152,-0.046173,,0.099952272,,,,,,,,,,,,,,,,SmallOverlap(Clone) (UnityEngine.GameObject),
159,,-0.7203044,-0.03015381,-3.029583,-0.7022496,-0.03015381,-3.026399,-0.7292836,-0.03434896,-2.998236,SmallOverlap(Clone) (UnityEngine.GameObject),0.0296956,-0.03015381,-0.179583,0.0477504,-0.03015381,-0.176399,0.0207164,-0.03434896,-0.148236,,0.142717397,,,,,,,,,,,,,,,,SmallOverlap(Clone) (UnityEngine.GameObject),
160,,-0.802845,-0.03015381,-2.698601,-0.785409,-0.03015381,-2.692936,-0.8004689,-0.03924465,-2.694633,SmallOverlap(Clone) (UnityEngine.GameObject),-0.052845,-0.03015381,0.151399,-0.035409,-0.03015381,0.157064,-0.0504689,-0.03924465,0.155367,,0.121415599,,,,,,,,,,,,,,,,LargeOverlap(Clone) (UnityEngine.GameObject),
161,,-0.6640208,-0.007596254,-2.849314,-0.6665723,-0.007596254,-2.831159,-0.677567,-0.009408236,-2.838357,SmallOverlap(Clone) (UnityEngine.GameObject),0.0859792,-0.007596254,0.000686,0.0834277,-0.007596254,0.018841,0.072433,-0.009408236,0.011643,,0.076406178,,,,,,,,,,,,,,,,SmallOverlap(Clone) (UnityEngine.GameObject),
162,,-0.671963,-0.03015381,-2.899526,-0.6799998,-0.03015381,-2.916003,-0.6842024,-0.02249265,-2.872567,SmallOverlap(Clone) (UnityEngine.GameObject),0.078037,-0.03015381,-0.049526,0.0700002,-0.03015381,-0.066003,0.0657976,-0.02249265,-0.022567,,0.084739177,,,,,,,,,,,,,,,,SmallOverlap(Clone) (UnityEngine.GameObject),
163,,-0.7246151,-0.03015381,-2.944785,-0.7070829,-0.03015381,-2.939425,-0.7273654,-0.02227736,-2.929594,SmallOverlap(Clone) (UnityEngine.GameObject),0.0253849,-0.03015381,-0.094785,0.0429171,-0.03015381,-0.089425,0.0226346,-0.02227736,-0.079594,,0.1018999,,,,,,,,,,,,,,,,MediumOverlap(Clone) (UnityEngine.GameObject),
164,,-0.8770853,-0.01703721,-2.976256,-0.8893527,-0.01703721,-2.962631,-0.8793135,-0.02975607,-2.95333,SmallOverlap(Clone) (UnityEngine.GameObject),-0.1270853,-0.01703721,-0.126256,-0.1393527,-0.01703721,-0.112631,-0.1293135,-0.02975607,-0.10333,,0.164763908,,,,,,,,,,,,,,,,SmallOverlap(Clone) (UnityEngine.GameObject),
165,,-0.781307,-0.01703721,-2.987472,-0.7990957,-0.01703721,-2.983037,-0.784644,-0.00770402,-2.975764,SmallOverlap(Clone) (UnityEngine.GameObject),-0.031307,-0.01703721,-0.137472,-0.0490957,-0.01703721,-0.133037,-0.034644,-0.00770402,-0.125764,,0.173514963,,,,,,,,,,,,,,,,MediumOverlap(Clone) (UnityEngine.GameObject),
166,,-0.6480239,-0.03015381,-2.782308,-0.6593111,-0.03015381,-2.767861,-0.6546363,-0.03635454,-2.777503,SmallOverlap(Clone) (UnityEngine.GameObject),0.1019761,-0.03015381,0.067692,0.0906889,-0.03015381,0.082139,0.0953637,-0.03635454,0.072497,,0.083955809,,,,,,,,,,,,,,,,SmallOverlap(Clone) (UnityEngine.GameObject),
167,,-0.8005643,-0.007596254,-2.743085,-0.7836884,-0.007596254,-2.735921,-0.8029061,-0.02415824,-2.737921,SmallOverlap(Clone) (UnityEngine.GameObject),-0.0505643,-0.007596254,0.106915,-0.0336884,-0.007596254,0.114079,-0.0529061,-0.02415824,0.112079,,0.186250159,,,,,,,,,,,,,,,,LargeOverlap(Clone) (UnityEngine.GameObject),
168,,-0.7605812,-0.03015381,-2.776109,-0.7423845,-0.03015381,-2.773874,-0.762343,-0.03170085,-2.765739,SmallOverlap(Clone) (UnityEngine.GameObject),-0.0105812,-0.03015381,0.073891,0.0076155,-0.03015381,0.076126,-0.012343,-0.03170085,0.084261,,0.167750411,,,,,,,,,,,,,,,,MediumOverlap(Clone) (UnityEngine.GameObject),
169,,-0.8980991,-0.03015381,-2.776849,-0.9072657,-0.03015381,-2.792726,-0.878846,-0.02987647,-2.755247,SmallOverlap(Clone) (UnityEngine.GameObject),-0.1480991,-0.03015381,0.073151,-0.1572657,-0.03015381,0.057274,-0.128846,-0.02987647,0.094753,,0.125418591,,,,,,,,,,,,,,,,MediumOverlap(Clone) (UnityEngine.GameObject),
170,,-0.6553559,-0.03015381,-2.774238,-0.6428525,-0.03015381,-2.787646,-0.6570071,-0.02767658,-2.750517,SmallOverlap(Clone) (UnityEngine.GameObject),0.0946441,-0.03015381,0.075762,0.1071475,-0.03015381,0.062354,0.0929929,-0.02767658,0.099483,,0.18506344,,,,,,,,,,,,,,,,LargeOverlap(Clone) (UnityEngine.GameObject),
171,,-0.5903484,-0.01703721,-2.923851,-0.5837783,-0.01703721,-2.906736,-0.603757,-0.007053375,-2.905768,SmallOverlap(Clone) (UnityEngine.GameObject),0.1596516,-0.01703721,-0.073851,0.1662217,-0.01703721,-0.056736,0.146243,-0.007053375,-0.055768,,0.175588761,,,,,,,,,,,,,,,,LargeOverlap(Clone) (UnityEngine.GameObject),
172,,-0.7866935,-0.01703721,-2.941399,-0.8033091,-0.01703721,-2.933651,-0.785009,-0.03136826,-2.914075,SmallOverlap(Clone) (UnityEngine.GameObject),-0.0366935,-0.01703721,-0.091399,-0.0533091,-0.01703721,-0.083651,-0.035009,-0.03136826,-0.064075,,0.185356869,,,,,,,,,,,,,,,,LargeOverlap(Clone) (UnityEngine.GameObject),
173,,-0.7878357,-0.01703721,-2.986552,-0.8053679,-0.01703721,-2.981191,-0.7839977,-0.01335549,-2.953523,SmallOverlap(Clone) (UnityEngine.GameObject),-0.0378357,-0.01703721,-0.136552,-0.0553679,-0.01703721,-0.131191,-0.0339977,-0.01335549,-0.103523,,0.124899297,,,,,,,,,,,,,,,,LargeOverlap(Clone) (UnityEngine.GameObject),
174,,-0.7052823,-0.007596254,-2.788514,-0.720997,-0.007596254,-2.779072,-0.7014335,-0.008658409,-2.76838,SmallOverlap(Clone) (UnityEngine.GameObject),0.0447177,-0.007596254,0.061486,0.029003,-0.007596254,0.070928,0.0485665,-0.008658409,0.08162,,0.146468626,,,,,,,,,,,,,,,,LargeOverlap(Clone) (UnityEngine.GameObject),
175,,-0.8046402,-0.03015381,-2.930553,-0.7903925,-0.03015381,-2.94209,-0.7990842,-0.02182651,-2.908904,SmallOverlap(Clone) (UnityEngine.GameObject),-0.0546402,-0.03015381,-0.080553,-0.0403925,-0.03015381,-0.09209,-0.0490842,-0.02182651,-0.058904,,0.168078229,,,,,,,,,,,,,,,,LargeOverlap(Clone) (UnityEngine.GameObject),
176,,-0.5873597,-0.01703721,-2.811165,-0.5816944,-0.01703721,-2.828601,-0.6029501,-0.0114224,-2.784335,SmallOverlap(Clone) (UnityEngine.GameObject),0.1626403,-0.01703721,0.038835,0.1683056,-0.01703721,0.021399,0.1470499,-0.0114224,0.065665,,0.135948508,,,,,,,,,,,,,,,,MediumOverlap(Clone) (UnityEngine.GameObject),
177,,-0.6283948,-0.01703721,-2.908343,-0.6346653,-0.01703721,-2.92557,-0.6310652,-0.01644087,-2.870495,SmallOverlap(Clone) (UnityEngine.GameObject),0.1216052,-0.01703721,-0.058343,0.1153347,-0.01703721,-0.07557,0.1189348,-0.01644087,-0.020495,,0.143185411,,,,,,,,,,,,,,,,LargeOverlap(Clone) (UnityEngine.GameObject),
178,,-0.8087507,-0.01703721,-2.979461,-0.7924156,-0.01703721,-2.987784,-0.8029192,-0.02367163,-2.946359,SmallOverlap(Clone) (UnityEngine.GameObject),-0.0587507,-0.01703721,-0.129461,-0.0424156,-0.01703721,-0.137784,-0.0529192,-0.02367163,-0.096359,,0.135787156,,,,,,,,,,,,,,,,SmallOverlap(Clone) (UnityEngine.GameObject),
179,,-0.6953092,-0.03015381,-2.981581,-0.6786935,-0.03015381,-2.973833,-0.6990458,-0.02125144,-2.956661,SmallOverlap(Clone) (UnityEngine.GameObject),0.0546908,-0.03015381,-0.131581,0.0713065,-0.03015381,-0.123833,0.0509542,-0.02125144,-0.106661,,0.145649907,,,,,,,,,,,,,,,,SmallOverlap(Clone) (UnityEngine.GameObject),
180,,,,,,,,,,,,,,,,,,,,,,0.178592365,,,,,,,,,,,,,,,,SmallOverlap(Clone) (UnityEngine.GameObject),
,,,,,,,,,,,,,,,,,,,,,,,,,,,,,,,,,,,,,,LargeOverlap(Clone) (UnityEngine.GameObject),
,,,,,,,,,,,,,,,,,,,,,,,,,,,,,,,,,,,,,,SmallOverlap(Clone) (UnityEngine.GameObject),
,,,,,,,,,,,,,,,,,,,,,,,,,,,,,,,,,,,,,,MediumOverlap(Clone) (UnityEngine.GameObject),
